"Date","Price","Open","High","Low","Change %"
"Sep 30, 2022","2.818","2.850","2.874","2.757","-1.67%"
"Sep 29, 2022","2.866","2.875","2.976","2.840","2.17%"
"Sep 28, 2022","2.805","2.883","3.012","2.786","-1.89%"
"Sep 27, 2022","2.859","2.762","2.885","2.680","5.38%"
"Sep 26, 2022","2.713","2.716","2.759","2.665","2.88%"
"Sep 23, 2022","2.637","2.592","2.718","2.517","2.13%"
"Sep 22, 2022","2.582","2.523","2.605","2.439","3.20%"
"Sep 21, 2022","2.502","2.487","2.524","2.447","-1.61%"
"Sep 20, 2022","2.543","2.430","2.559","2.418","5.26%"
"Sep 19, 2022","2.416","2.384","2.433","2.356","2.16%"
"Sep 16, 2022","2.365","2.445","2.460","2.359","-0.71%"
"Sep 15, 2022","2.382","2.366","2.404","2.330","2.14%"
"Sep 14, 2022","2.332","2.315","2.402","2.306","-0.38%"
"Sep 13, 2022","2.341","2.267","2.376","2.253","3.49%"
"Sep 12, 2022","2.262","2.362","2.378","2.245","-2.29%"
"Sep 09, 2022","2.315","2.372","2.419","2.254","-0.52%"
"Sep 08, 2022","2.327","2.167","2.343","2.159","5.06%"
"Sep 07, 2022","2.215","2.236","2.292","2.176","-1.60%"
"Sep 06, 2022","2.251","2.217","2.286","2.132","1.86%"
"Sep 05, 2022","2.210","2.131","2.233","2.115","1.94%"
"Sep 02, 2022","2.168","2.184","2.248","2.110","-2.03%"
"Sep 01, 2022","2.213","2.224","2.279","2.193","1.93%"
"Aug 31, 2022","2.171","2.134","2.236","2.098","1.69%"
"Aug 30, 2022","2.135","2.108","2.180","2.073","-0.33%"
"Aug 29, 2022","2.142","2.176","2.211","2.098","6.09%"
"Aug 26, 2022","2.019","1.934","2.068","1.928","4.18%"
"Aug 25, 2022","1.938","1.986","1.988","1.931","-1.97%"
"Aug 24, 2022","1.977","1.951","2.011","1.916","3.35%"
"Aug 23, 2022","1.913","1.866","1.987","1.837","0.79%"
"Aug 22, 2022","1.898","1.783","1.898","1.754","5.21%"
"Aug 19, 2022","1.804","1.732","1.814","1.721","7.83%"
"Aug 18, 2022","1.673","1.649","1.704","1.628","2.45%"
"Aug 17, 2022","1.633","1.537","1.671","1.523","7.22%"
"Aug 16, 2022","1.523","1.445","1.557","1.442","5.76%"
"Aug 15, 2022","1.440","1.540","1.560","1.426","-6.74%"
"Aug 12, 2022","1.544","1.529","1.584","1.505","2.18%"
"Aug 11, 2022","1.511","1.461","1.533","1.399","4.86%"
"Aug 10, 2022","1.441","1.478","1.480","1.389","-1.30%"
"Aug 09, 2022","1.460","1.482","1.509","1.427","0.48%"
"Aug 08, 2022","1.453","1.475","1.487","1.420","-3.58%"
"Aug 05, 2022","1.507","1.353","1.514","1.345","10.24%"
"Aug 04, 2022","1.367","1.429","1.460","1.338","-4.87%"
"Aug 03, 2022","1.437","1.372","1.482","1.344","6.29%"
"Aug 02, 2022","1.352","1.279","1.368","1.218","2.58%"
"Aug 01, 2022","1.318","1.365","1.416","1.294","-2.80%"
"Jul 29, 2022","1.356","1.370","1.464","1.348","0.22%"
"Jul 28, 2022","1.353","1.558","1.566","1.342","-9.26%"
"Jul 27, 2022","1.491","1.498","1.527","1.470","0.74%"
"Jul 26, 2022","1.480","1.580","1.595","1.457","-6.15%"
"Jul 25, 2022","1.577","1.625","1.641","1.567","-0.94%"
"Jul 22, 2022","1.592","1.746","1.770","1.534","-10.46%"
"Jul 21, 2022","1.778","1.814","1.922","1.755","-1.06%"
"Jul 20, 2022","1.797","1.835","1.839","1.717","-0.94%"
"Jul 19, 2022","1.814","1.751","1.847","1.730","1.74%"
"Jul 18, 2022","1.783","1.702","1.813","1.702","4.57%"
"Jul 15, 2022","1.705","1.683","1.760","1.656","-1.22%"
"Jul 14, 2022","1.726","1.722","1.829","1.696","0.88%"
"Jul 13, 2022","1.711","1.715","1.778","1.678","1.30%"
"Jul 12, 2022","1.689","1.811","1.816","1.659","-6.58%"
"Jul 11, 2022","1.808","1.886","1.893","1.779","-5.49%"
"Jul 08, 2022","1.913","1.857","1.924","1.822","2.19%"
"Jul 07, 2022","1.872","1.810","1.887","1.806","5.88%"
"Jul 06, 2022","1.768","1.837","1.865","1.684","-2.00%"
"Jul 05, 2022","1.804","1.912","1.928","1.788","-5.75%"
"Jul 04, 2022","1.914","1.832","1.935","1.824","5.69%"
"Jul 01, 2022","1.811","1.946","2.005","1.741","-6.46%"
"Jun 30, 2022","1.936","2.072","2.083","1.927","-7.15%"
"Jun 29, 2022","2.085","2.110","2.206","2.060","-5.01%"
"Jun 28, 2022","2.195","2.108","2.221","2.097","4.82%"
"Jun 27, 2022","2.094","2.019","2.133","2.006","6.03%"
"Jun 24, 2022","1.975","2.021","2.064","1.910","-0.90%"
"Jun 23, 2022","1.993","2.209","2.220","1.950","-8.54%"
"Jun 22, 2022","2.179","2.279","2.297","2.161","-6.36%"
"Jun 21, 2022","2.327","2.320","2.357","2.278","0.61%"
"Jun 20, 2022","2.313","2.233","2.318","2.183","3.58%"
"Jun 17, 2022","2.233","2.254","2.351","2.186","-2.15%"
"Jun 16, 2022","2.282","2.217","2.496","2.210","1.60%"
"Jun 15, 2022","2.246","2.360","2.385","2.180","-6.34%"
"Jun 14, 2022","2.398","2.234","2.410","2.216","6.86%"
"Jun 13, 2022","2.244","2.055","2.266","2.047","8.35%"
"Jun 10, 2022","2.071","1.987","2.074","1.938","4.07%"
"Jun 09, 2022","1.990","1.884","1.998","1.862","5.85%"
"Jun 08, 2022","1.880","1.868","1.899","1.841","2.23%"
"Jun 07, 2022","1.839","1.893","1.894","1.818","-1.21%"
"Jun 06, 2022","1.862","1.811","1.865","1.794","1.28%"
"Jun 03, 2022","1.838","1.807","1.855","1.796","1.49%"
"Jun 02, 2022","1.811","1.725","1.815","1.725","3.13%"
"Jun 01, 2022","1.756","1.673","1.756","1.664","4.40%"
"May 31, 2022","1.682","1.643","1.707","1.590","4.21%"
"May 30, 2022","1.614","1.588","1.636","1.568","7.28%"
"May 29, 2022","1.505","1.505","1.505","1.505","-1.15%"
"May 27, 2022","1.522","1.536","1.563","1.491","-2.19%"
"May 26, 2022","1.556","1.504","1.565","1.454","2.44%"
"May 25, 2022","1.519","1.540","1.556","1.472","-0.59%"
"May 24, 2022","1.528","1.554","1.598","1.511","-2.68%"
"May 23, 2022","1.570","1.530","1.592","1.476","3.97%"
"May 20, 2022","1.510","1.514","1.537","1.460","1.14%"
"May 19, 2022","1.493","1.545","1.548","1.431","-3.43%"
"May 18, 2022","1.546","1.592","1.621","1.526","-1.59%"
"May 17, 2022","1.571","1.514","1.589","1.492","7.31%"
"May 16, 2022","1.464","1.452","1.537","1.447","0.76%"
"May 14, 2022","1.453","1.453","1.453","1.453","-1.16%"
"May 13, 2022","1.470","1.425","1.491","1.406","5.60%"
"May 12, 2022","1.392","1.437","1.446","1.366","-7.45%"
"May 11, 2022","1.504","1.536","1.622","1.485","-1.57%"
"May 10, 2022","1.528","1.625","1.656","1.520","-6.32%"
"May 09, 2022","1.631","1.641","1.712","1.621","-1.51%"
"May 06, 2022","1.656","1.533","1.675","1.526","6.29%"
"May 05, 2022","1.558","1.498","1.564","1.424","4.07%"
"May 04, 2022","1.497","1.547","1.556","1.493","1.22%"
"May 03, 2022","1.479","1.475","1.530","1.434","0.27%"
"May 02, 2022","1.475","1.445","1.480","1.410","2.43%"
"Apr 29, 2022","1.440","1.380","1.449","1.366","4.61%"
"Apr 28, 2022","1.377","1.283","1.401","1.242","6.38%"
"Apr 27, 2022","1.294","1.298","1.332","1.258","0.00%"
"Apr 26, 2022","1.294","1.357","1.361","1.264","0.15%"
"Apr 25, 2022","1.292","1.421","1.422","1.276","-10.65%"
"Apr 22, 2022","1.446","1.416","1.446","1.373","2.26%"
"Apr 21, 2022","1.414","1.378","1.416","1.332","6.08%"
"Apr 20, 2022","1.333","1.415","1.429","1.308","-4.44%"
"Apr 19, 2022","1.395","1.372","1.442","1.357","4.89%"
"Apr 18, 2022","1.330","1.337","1.337","1.330","0.30%"
"Apr 15, 2022","1.326","1.337","1.337","1.326","-2.00%"
"Apr 14, 2022","1.353","1.293","1.359","1.258","6.62%"
"Apr 13, 2022","1.269","1.375","1.377","1.258","-0.94%"
"Apr 12, 2022","1.281","1.343","1.378","1.264","-2.95%"
"Apr 11, 2022","1.320","1.267","1.330","1.254","5.94%"
"Apr 08, 2022","1.246","1.194","1.264","1.180","4.79%"
"Apr 07, 2022","1.189","1.156","1.241","1.125","2.50%"
"Apr 06, 2022","1.160","1.170","1.202","1.136","1.93%"
"Apr 05, 2022","1.138","1.036","1.151","1.010","13.12%"
"Apr 04, 2022","1.006","1.044","1.046","0.967","-2.33%"
"Apr 01, 2022","1.030","1.040","1.078","1.019","2.28%"
"Mar 31, 2022","1.007","1.096","1.110","0.975","-0.30%"
"Mar 30, 2022","1.010","0.966","1.095","0.957","3.59%"
"Mar 29, 2022","0.975","0.948","1.075","0.922","8.09%"
"Mar 28, 2022","0.902","0.943","0.977","0.871","-2.38%"
"Mar 25, 2022","0.924","0.895","0.935","0.835","5.36%"
"Mar 24, 2022","0.877","0.855","0.910","0.801","6.82%"
"Mar 23, 2022","0.821","0.895","0.905","0.815","-7.75%"
"Mar 22, 2022","0.890","0.871","0.917","0.852","4.58%"
"Mar 21, 2022","0.851","0.800","0.859","0.765","10.66%"
"Mar 18, 2022","0.769","0.798","0.803","0.729","-2.04%"
"Mar 17, 2022","0.785","0.795","0.822","0.754","-1.87%"
"Mar 16, 2022","0.800","0.788","0.808","0.756","7.10%"
"Mar 15, 2022","0.747","0.768","0.788","0.726","-5.20%"
"Mar 14, 2022","0.788","0.711","0.799","0.695","16.40%"
"Mar 11, 2022","0.677","0.677","0.740","0.652","0.45%"
"Mar 10, 2022","0.674","0.604","0.715","0.539","10.67%"
"Mar 09, 2022","0.609","0.528","0.619","0.480","16.89%"
"Mar 08, 2022","0.521","0.404","0.545","0.396","22.88%"
"Mar 07, 2022","0.424","0.363","0.444","0.344","21.14%"
"Mar 04, 2022","0.350","0.415","0.443","0.324","-18.79%"
"Mar 03, 2022","0.431","0.403","0.487","0.383","0.94%"
"Mar 02, 2022","0.427","0.308","0.429","0.286","43.29%"
"Mar 01, 2022","0.298","0.509","0.521","0.295","-43.24%"
"Feb 28, 2022","0.525","0.550","0.591","0.504","-9.33%"
"Feb 25, 2022","0.579","0.560","0.601","0.517","4.32%"
"Feb 24, 2022","0.555","0.522","0.574","0.486","-3.98%"
"Feb 23, 2022","0.578","0.612","0.634","0.575","-5.25%"
"Feb 22, 2022","0.610","0.505","0.643","0.493","5.90%"
"Feb 21, 2022","0.576","0.557","0.580","0.517","8.07%"
"Feb 18, 2022","0.533","0.576","0.591","0.528","-4.99%"
"Feb 17, 2022","0.561","0.604","0.628","0.556","-10.10%"
"Feb 16, 2022","0.624","0.665","0.683","0.594","-4.00%"
"Feb 15, 2022","0.650","0.631","0.680","0.617","4.33%"
"Feb 14, 2022","0.623","0.566","0.633","0.529","-0.64%"
"Feb 11, 2022","0.627","0.604","0.636","0.567","3.47%"
"Feb 10, 2022","0.606","0.530","0.621","0.513","18.36%"
"Feb 09, 2022","0.512","0.547","0.555","0.506","-9.86%"
"Feb 08, 2022","0.568","0.554","0.586","0.501","4.41%"
"Feb 07, 2022","0.544","0.485","0.563","0.473","5.63%"
"Feb 04, 2022","0.515","0.431","0.530","0.427","19.49%"
"Feb 03, 2022","0.431","0.299","0.437","0.274","53.93%"
"Feb 02, 2022","0.280","0.281","0.315","0.253","-2.10%"
"Feb 01, 2022","0.286","0.253","0.302","0.230","10.85%"
"Jan 31, 2022","0.258","0.222","0.292","0.205","29.00%"
"Jan 28, 2022","0.200","0.206","0.245","0.190","2.56%"
"Jan 27, 2022","0.195","0.206","0.232","0.186","11.43%"
"Jan 26, 2022","0.175","0.166","0.192","0.159","4.17%"
"Jan 25, 2022","0.168","0.151","0.180","0.139","22.63%"
"Jan 24, 2022","0.137","0.175","0.189","0.131","-21.71%"
"Jan 21, 2022","0.175","0.183","0.211","0.153","-17.84%"
"Jan 20, 2022","0.213","0.235","0.248","0.196","-2.74%"
"Jan 19, 2022","0.219","0.236","0.261","0.217","-2.23%"
"Jan 18, 2022","0.224","0.212","0.232","0.197","6.67%"
"Jan 17, 2022","0.210","0.197","0.215","0.184","19.32%"
"Jan 14, 2022","0.176","0.125","0.192","0.114","23.94%"
"Jan 13, 2022","0.142","0.182","0.201","0.121","-13.41%"
"Jan 12, 2022","0.164","0.195","0.208","0.144","-14.58%"
"Jan 11, 2022","0.192","0.183","0.221","0.169","1.59%"
"Jan 10, 2022","0.189","0.198","0.209","0.162","5.00%"
"Jan 07, 2022","0.180","0.160","0.199","0.154","11.80%"
"Jan 06, 2022","0.161","0.149","0.188","0.139","15.83%"
"Jan 05, 2022","0.139","0.131","0.143","0.114","6.92%"
"Jan 04, 2022","0.130","0.126","0.147","0.098","-10.96%"
"Jan 03, 2022","0.146","0.100","0.154","0.080","69.77%"
"Dec 30, 2021","0.086","0.086","0.105","0.066","-1.15%"
"Dec 29, 2021","0.087","0.050","0.100","0.030","123.08%"
"Dec 28, 2021","0.039","0.036","0.051","0.020","95.00%"
"Dec 27, 2021","0.020","0.013","0.053","0.008","5.26%"
"Dec 24, 2021","0.019","0.017","0.019","0.017","35.71%"
"Dec 23, 2021","0.014","0.001","0.046","-0.023","-216.67%"
"Dec 22, 2021","-0.012","-0.049","0.012","-0.051","-47.83%"
"Dec 21, 2021","-0.023","-0.097","-0.020","-0.113","-77.45%"
"Dec 20, 2021","-0.102","-0.123","-0.077","-0.142","-9.73%"
"Dec 17, 2021","-0.113","-0.103","-0.084","-0.124","31.40%"
"Dec 16, 2021","-0.086","-0.105","-0.041","-0.114","-13.13%"
"Dec 15, 2021","-0.099","-0.115","-0.079","-0.123","-6.60%"
"Dec 14, 2021","-0.106","-0.125","-0.086","-0.129","-11.67%"
"Dec 13, 2021","-0.120","-0.093","-0.072","-0.129","29.03%"
"Dec 10, 2021","-0.093","-0.076","-0.061","-0.107","0.00%"
"Dec 09, 2021","-0.093","-0.075","-0.061","-0.102","63.16%"
"Dec 08, 2021","-0.057","-0.113","-0.039","-0.153","-52.50%"
"Dec 07, 2021","-0.120","-0.096","-0.080","-0.126","4.35%"
"Dec 06, 2021","-0.115","-0.129","-0.103","-0.132","-0.86%"
"Dec 03, 2021","-0.116","-0.113","-0.076","-0.124","17.17%"
"Dec 02, 2021","-0.099","-0.072","-0.056","-0.130","32.00%"
"Dec 01, 2021","-0.075","-0.084","-0.023","-0.091","-9.64%"
"Nov 30, 2021","-0.083","-0.069","-0.054","-0.104","72.92%"
"Nov 29, 2021","-0.048","-0.061","-0.024","-0.079","-40.37%"
"Nov 27, 2021","-0.080","-0.080","-0.080","-0.080","20.15%"
"Nov 26, 2021","-0.067","-0.052","-0.026","-0.080","-578.57%"
"Nov 25, 2021","0.014","0.036","0.053","0.006","-72.00%"
"Nov 24, 2021","0.050","0.024","0.073","0.014","11.11%"
"Nov 23, 2021","0.045","-0.027","0.052","-0.034","-236.36%"
"Nov 22, 2021","-0.033","-0.075","-0.029","-0.105","-66.33%"
"Nov 20, 2021","-0.098","-0.098","-0.098","-0.098","2.08%"
"Nov 19, 2021","-0.096","-0.016","-0.015","-0.100","159.46%"
"Nov 18, 2021","-0.037","-0.026","-0.001","-0.048","428.57%"
"Nov 17, 2021","-0.007","-0.010","0.015","-0.030","16.67%"
"Nov 16, 2021","-0.006","-0.010","0.013","-0.027","-250.00%"
"Nov 15, 2021","0.004","-0.043","0.004","-0.074","-114.29%"
"Nov 12, 2021","-0.028","0.004","0.014","-0.039","-1,033.33%"
"Nov 11, 2021","0.003","-0.007","0.016","-0.027","-114.29%"
"Nov 10, 2021","-0.021","-0.054","-0.007","-0.073","-69.57%"
"Nov 09, 2021","-0.069","-0.027","-0.012","-0.081","213.64%"
"Nov 08, 2021","-0.022","-0.040","-0.015","-0.059","-63.93%"
"Nov 05, 2021","-0.061","0.009","0.011","-0.062","-2,133.33%"
"Nov 04, 2021","0.003","0.064","0.081","-0.007","-95.77%"
"Nov 03, 2021","0.071","0.073","0.091","0.044","-15.48%"
"Nov 02, 2021","0.084","0.157","0.196","0.066","-47.17%"
"Nov 01, 2021","0.159","0.157","0.196","0.136","10.03%"
"Oct 30, 2021","0.145","0.145","0.145","0.145","-6.77%"
"Oct 29, 2021","0.155","0.128","0.201","0.117","49.04%"
"Oct 28, 2021","0.104","0.061","0.144","0.057","65.08%"
"Oct 27, 2021","0.063","0.108","0.119","0.047","-40.00%"
"Oct 26, 2021","0.105","0.115","0.130","0.089","-6.25%"
"Oct 25, 2021","0.112","0.128","0.155","0.108","-8.20%"
"Oct 23, 2021","0.122","0.122","0.122","0.122","-7.58%"
"Oct 22, 2021","0.132","0.144","0.165","0.123","-0.75%"
"Oct 21, 2021","0.133","0.109","0.146","0.096","34.34%"
"Oct 20, 2021","0.099","0.121","0.142","0.091","-22.05%"
"Oct 19, 2021","0.127","0.078","0.139","0.050","67.11%"
"Oct 18, 2021","0.076","0.077","0.117","0.059","43.40%"
"Oct 15, 2021","0.053","0.045","0.085","0.041","82.76%"
"Oct 14, 2021","0.029","0.109","0.111","0.028","-68.48%"
"Oct 13, 2021","0.092","0.121","0.134","0.073","-30.83%"
"Oct 12, 2021","0.133","0.102","0.145","0.084","25.47%"
"Oct 11, 2021","0.106","0.095","0.128","0.085","45.21%"
"Oct 08, 2021","0.073","0.058","0.086","0.037","87.18%"
"Oct 07, 2021","0.039","0.055","0.059","0.021","-9.30%"
"Oct 06, 2021","0.043","0.071","0.087","0.028","19.44%"
"Oct 05, 2021","0.036","0.013","0.054","-0.002","300.00%"
"Oct 04, 2021","0.009","-0.001","0.036","-0.005","-52.63%"
"Oct 01, 2021","0.019","0.013","0.033","-0.011","-44.12%"
"Sep 30, 2021","0.034","0.032","0.057","0.010","126.67%"
"Sep 29, 2021","0.015","0.042","0.042","0.003","-53.13%"
"Sep 28, 2021","0.032","0.028","0.058","0.020","-1,700.00%"
"Sep 27, 2021","-0.002","-0.003","0.040","-0.023","-85.19%"
"Sep 25, 2021","-0.014","-0.014","-0.014","-0.014","350.00%"
"Sep 24, 2021","-0.003","-0.019","0.011","-0.028","-92.11%"
"Sep 23, 2021","-0.038","-0.076","-0.021","-0.094","-63.11%"
"Sep 22, 2021","-0.103","-0.091","-0.070","-0.108","9.57%"
"Sep 21, 2021","-0.094","-0.089","-0.064","-0.118","11.90%"
"Sep 20, 2021","-0.084","-0.068","-0.056","-0.112","20.86%"
"Sep 19, 2021","-0.069","-0.069","-0.069","-0.069","0.72%"
"Sep 18, 2021","-0.069","-0.069","-0.069","-0.069","16.95%"
"Sep 17, 2021","-0.059","-0.074","-0.041","-0.079","-31.40%"
"Sep 16, 2021","-0.086","-0.077","-0.053","-0.094","-2.27%"
"Sep 15, 2021","-0.088","-0.119","-0.077","-0.132","-28.46%"
"Sep 14, 2021","-0.123","-0.113","-0.078","-0.133","18.27%"
"Sep 13, 2021","-0.104","-0.114","-0.098","-0.124","-12.24%"
"Sep 12, 2021","-0.119","-0.119","-0.119","-0.119","5.80%"
"Sep 10, 2021","-0.112","-0.142","-0.104","-0.148","-23.81%"
"Sep 09, 2021","-0.147","-0.095","-0.080","-0.154","75.00%"
"Sep 08, 2021","-0.084","-0.085","-0.075","-0.110","9.09%"
"Sep 07, 2021","-0.077","-0.138","-0.073","-0.140","-40.77%"
"Sep 06, 2021","-0.130","-0.133","-0.118","-0.147","-0.76%"
"Sep 03, 2021","-0.131","-0.152","-0.117","-0.164","-12.08%"
"Sep 02, 2021","-0.149","-0.144","-0.131","-0.166","7.97%"
"Sep 01, 2021","-0.138","-0.149","-0.115","-0.156","-10.39%"
"Aug 31, 2021","-0.154","-0.199","-0.136","-0.207","-24.88%"
"Aug 30, 2021","-0.205","-0.176","-0.164","-0.206","8.47%"
"Aug 27, 2021","-0.189","-0.173","-0.159","-0.189","10.53%"
"Aug 26, 2021","-0.171","-0.186","-0.158","-0.197","-3.93%"
"Aug 25, 2021","-0.178","-0.238","-0.170","-0.242","-25.52%"
"Aug 24, 2021","-0.239","-0.230","-0.217","-0.257","0.00%"
"Aug 23, 2021","-0.239","-0.250","-0.211","-0.261","-8.78%"
"Aug 20, 2021","-0.262","-0.251","-0.239","-0.265","3.15%"
"Aug 19, 2021","-0.254","-0.255","-0.229","-0.266","4.96%"
"Aug 18, 2021","-0.242","-0.241","-0.227","-0.258","5.22%"
"Aug 17, 2021","-0.230","-0.246","-0.220","-0.270","-0.86%"
"Aug 16, 2021","-0.232","-0.245","-0.212","-0.261","-1.28%"
"Aug 13, 2021","-0.235","-0.227","-0.201","-0.246","3.52%"
"Aug 12, 2021","-0.227","-0.236","-0.211","-0.240","0.89%"
"Aug 11, 2021","-0.225","-0.219","-0.196","-0.233","-0.44%"
"Aug 10, 2021","-0.226","-0.231","-0.213","-0.256","0.44%"
"Aug 09, 2021","-0.225","-0.235","-0.210","-0.251","-0.88%"
"Aug 06, 2021","-0.227","-0.248","-0.207","-0.256","-8.84%"
"Aug 05, 2021","-0.249","-0.258","-0.243","-0.281","-3.11%"
"Aug 04, 2021","-0.257","-0.247","-0.231","-0.279","1.98%"
"Aug 03, 2021","-0.252","-0.241","-0.220","-0.259","0.00%"
"Aug 02, 2021","-0.252","-0.206","-0.192","-0.253","19.43%"
"Jul 30, 2021","-0.211","-0.205","-0.185","-0.219","0.00%"
"Jul 29, 2021","-0.211","-0.199","-0.170","-0.223","8.76%"
"Jul 28, 2021","-0.194","-0.206","-0.185","-0.215","-5.37%"
"Jul 27, 2021","-0.205","-0.189","-0.180","-0.212","8.47%"
"Jul 26, 2021","-0.189","-0.199","-0.167","-0.226","-5.50%"
"Jul 23, 2021","-0.200","-0.186","-0.168","-0.200","1.01%"
"Jul 22, 2021","-0.198","-0.163","-0.149","-0.203","18.56%"
"Jul 21, 2021","-0.167","-0.194","-0.150","-0.201","-2.91%"
"Jul 20, 2021","-0.172","-0.178","-0.167","-0.210","8.86%"
"Jul 19, 2021","-0.158","-0.145","-0.136","-0.183","15.33%"
"Jul 16, 2021","-0.137","-0.130","-0.114","-0.145","20.18%"
"Jul 15, 2021","-0.114","-0.123","-0.102","-0.136","0.88%"
"Jul 14, 2021","-0.113","-0.080","-0.062","-0.115","17.71%"
"Jul 13, 2021","-0.096","-0.092","-0.079","-0.106","11.63%"
"Jul 12, 2021","-0.086","-0.083","-0.071","-0.106","7.50%"
"Jul 09, 2021","-0.080","-0.091","-0.067","-0.110","-21.57%"
"Jul 08, 2021","-0.102","-0.112","-0.085","-0.144","9.68%"
"Jul 07, 2021","-0.093","-0.065","-0.063","-0.116","27.40%"
"Jul 06, 2021","-0.073","-0.001","0.007","-0.078","508.33%"
"Jul 05, 2021","-0.012","-0.025","-0.003","-0.033","-68.83%"
"Jul 04, 2021","-0.038","-0.038","-0.038","-0.038","6.94%"
"Jul 02, 2021","-0.036","0.003","0.004","-0.040","-3,700.00%"
"Jul 01, 2021","0.001","0.014","0.030","-0.008","-75.00%"
"Jun 30, 2021","0.004","0.037","0.052","-0.005","-89.74%"
"Jun 29, 2021","0.039","0.034","0.054","0.020","30.00%"
"Jun 28, 2021","0.030","0.051","0.062","0.027","-41.18%"
"Jun 26, 2021","0.051","0.051","0.051","0.051","-17.74%"
"Jun 25, 2021","0.062","0.026","0.067","0.017","226.32%"
"Jun 24, 2021","0.019","0.040","0.051","0.011","-40.63%"
"Jun 23, 2021","0.032","0.055","0.059","0.006","-28.89%"
"Jun 22, 2021","0.045","0.045","0.071","0.030","7.14%"
"Jun 21, 2021","0.042","0.007","0.060","0.001","223.08%"
"Jun 20, 2021","0.013","0.013","0.013","0.013","0.00%"
"Jun 19, 2021","0.013","0.013","0.013","0.013","-40.91%"
"Jun 18, 2021","0.022","0.025","0.034","0.002","15.79%"
"Jun 17, 2021","0.019","0.042","0.051","0.016","-371.43%"
"Jun 16, 2021","-0.007","0.010","0.014","-0.009","-153.85%"
"Jun 15, 2021","0.013","-0.014","0.019","-0.026","-244.44%"
"Jun 14, 2021","-0.009","-0.037","-0.004","-0.043","-71.88%"
"Jun 11, 2021","-0.032","-0.033","-0.023","-0.053","128.57%"
"Jun 10, 2021","-0.014","-0.017","0.032","-0.021","55.56%"
"Jun 09, 2021","-0.009","0.016","0.029","-0.034","-150.00%"
"Jun 08, 2021","0.018","0.042","0.054","0.005","-66.04%"
"Jun 07, 2021","0.053","0.028","0.056","0.024","178.95%"
"Jun 05, 2021","0.019","0.019","0.019","0.019","-34.48%"
"Jun 04, 2021","0.029","0.053","0.063","0.020","-42.00%"
"Jun 03, 2021","0.050","0.046","0.067","0.034","42.86%"
"Jun 02, 2021","0.035","0.045","0.061","0.026","-46.97%"
"Jun 01, 2021","0.066","0.056","0.080","0.034","20.00%"
"May 31, 2021","0.055","0.063","0.090","0.045","17.02%"
"May 28, 2021","0.047","0.067","0.082","0.041","-28.79%"
"May 27, 2021","0.066","0.027","0.075","0.023","135.71%"
"May 26, 2021","0.028","0.061","0.074","0.022","-61.64%"
"May 25, 2021","0.073","0.090","0.103","0.068","-27.00%"
"May 24, 2021","0.100","0.104","0.126","0.092","-9.09%"
"May 21, 2021","0.110","0.133","0.143","0.097","-17.29%"
"May 20, 2021","0.133","0.180","0.183","0.131","-15.29%"
"May 19, 2021","0.157","0.167","0.201","0.134","-4.27%"
"May 18, 2021","0.164","0.153","0.173","0.132","5.81%"
"May 17, 2021","0.155","0.113","0.175","0.110","13.14%"
"May 14, 2021","0.137","0.132","0.149","0.115","1.48%"
"May 13, 2021","0.135","0.118","0.159","0.115","9.76%"
"May 12, 2021","0.123","0.084","0.124","0.065","39.77%"
"May 11, 2021","0.088","0.056","0.095","0.052","87.23%"
"May 10, 2021","0.047","0.045","0.060","0.030","42.42%"
"May 07, 2021","0.033","0.013","0.035","-0.011","230.00%"
"May 06, 2021","0.010","-0.001","0.029","-0.016","-9.09%"
"May 05, 2021","0.011","0.012","0.034","0.000","-1,200.00%"
"May 04, 2021","-0.001","0.034","0.053","-0.017","-103.33%"
"May 03, 2021","0.030","0.036","0.077","0.012","-21.05%"
"Apr 30, 2021","0.038","0.034","0.044","0.021","-15.56%"
"Apr 29, 2021","0.045","0.003","0.059","0.001","1,025.00%"
"Apr 28, 2021","0.004","-0.005","0.031","-0.007","-120.00%"
"Apr 27, 2021","-0.020","-0.024","-0.009","-0.035","-23.08%"
"Apr 26, 2021","-0.026","-0.005","0.005","-0.039","-7.14%"
"Apr 23, 2021","-0.028","-0.022","-0.012","-0.050","-6.67%"
"Apr 22, 2021","-0.030","-0.051","-0.007","-0.056","-6.25%"
"Apr 21, 2021","-0.032","-0.022","-0.018","-0.053","-15.79%"
"Apr 20, 2021","-0.038","0.005","0.015","-0.039","322.22%"
"Apr 19, 2021","-0.009","-0.043","0.014","-0.045","-74.29%"
"Apr 16, 2021","-0.035","-0.046","-0.019","-0.053","-38.60%"
"Apr 15, 2021","-0.057","-0.034","-0.024","-0.065","62.86%"
"Apr 14, 2021","-0.035","-0.079","-0.026","-0.080","-39.66%"
"Apr 13, 2021","-0.058","-0.055","-0.041","-0.070","7.41%"
"Apr 12, 2021","-0.054","-0.075","-0.052","-0.099","-23.94%"
"Apr 09, 2021","-0.071","-0.096","-0.052","-0.104","-31.73%"
"Apr 08, 2021","-0.104","-0.091","-0.090","-0.118","10.64%"
"Apr 07, 2021","-0.094","-0.091","-0.086","-0.112","3.30%"
"Apr 06, 2021","-0.091","-0.093","-0.054","-0.096","-18.39%"
"Apr 05, 2021","-0.112","-0.111","-0.111","-0.112","1.36%"
"Apr 02, 2021","-0.110","-0.111","-0.110","-0.112","6.80%"
"Apr 01, 2021","-0.103","-0.068","-0.054","-0.107","71.67%"
"Mar 31, 2021","-0.060","-0.055","-0.036","-0.079","7.14%"
"Mar 30, 2021","-0.056","-0.060","-0.026","-0.066","-35.63%"
"Mar 29, 2021","-0.087","-0.121","-0.079","-0.136","-26.89%"
"Mar 26, 2021","-0.119","-0.137","-0.100","-0.141","-20.67%"
"Mar 25, 2021","-0.150","-0.131","-0.117","-0.155","26.05%"
"Mar 24, 2021","-0.119","-0.127","-0.103","-0.144","7.21%"
"Mar 23, 2021","-0.111","-0.093","-0.088","-0.127","33.73%"
"Mar 22, 2021","-0.083","-0.100","-0.064","-0.103","29.69%"
"Mar 19, 2021","-0.064","-0.064","-0.048","-0.085","77.78%"
"Mar 18, 2021","-0.036","-0.052","-0.020","-0.057","-41.94%"
"Mar 17, 2021","-0.062","-0.105","-0.053","-0.113","-42.59%"
"Mar 16, 2021","-0.108","-0.116","-0.099","-0.127","-8.47%"
"Mar 15, 2021","-0.118","-0.107","-0.080","-0.127","18.59%"
"Mar 13, 2021","-0.100","-0.100","-0.100","-0.100","18.45%"
"Mar 12, 2021","-0.084","-0.082","-0.066","-0.106","-20.75%"
"Mar 11, 2021","-0.106","-0.099","-0.078","-0.131","41.33%"
"Mar 10, 2021","-0.075","-0.085","-0.063","-0.097","2.74%"
"Mar 09, 2021","-0.073","-0.070","-0.064","-0.110","43.14%"
"Mar 08, 2021","-0.051","-0.054","-0.044","-0.081","-30.14%"
"Mar 05, 2021","-0.073","-0.063","-0.045","-0.085","-7.59%"
"Mar 04, 2021","-0.079","-0.078","-0.071","-0.107","25.40%"
"Mar 03, 2021","-0.063","-0.130","-0.056","-0.132","-49.60%"
"Mar 02, 2021","-0.125","-0.133","-0.081","-0.144","-0.79%"
"Mar 01, 2021","-0.126","-0.073","-0.055","-0.133","404.00%"
"Feb 26, 2021","-0.025","0.019","0.032","-0.056","-231.58%"
"Feb 25, 2021","0.019","-0.045","0.038","-0.048","-140.43%"
"Feb 24, 2021","-0.047","-0.096","-0.026","-0.097","-44.05%"
"Feb 23, 2021","-0.084","-0.099","-0.049","-0.100","-22.94%"
"Feb 22, 2021","-0.109","-0.056","-0.044","-0.127","43.42%"
"Feb 19, 2021","-0.076","-0.085","-0.069","-0.103","-29.63%"
"Feb 18, 2021","-0.108","-0.137","-0.087","-0.148","-26.03%"
"Feb 17, 2021","-0.146","-0.129","-0.100","-0.153","2.10%"
"Feb 16, 2021","-0.143","-0.180","-0.128","-0.193","-17.34%"
"Feb 15, 2021","-0.173","-0.186","-0.167","-0.197","-22.07%"
"Feb 12, 2021","-0.222","-0.248","-0.209","-0.266","-12.25%"
"Feb 11, 2021","-0.253","-0.255","-0.245","-0.272","6.30%"
"Feb 10, 2021","-0.238","-0.247","-0.229","-0.257","-26.09%"
"Feb 09, 2021","-0.322","-0.314","-0.301","-0.335","0.63%"
"Feb 08, 2021","-0.320","-0.306","-0.283","-0.324","1.91%"
"Feb 05, 2021","-0.314","-0.336","-0.285","-0.339","-3.09%"
"Feb 04, 2021","-0.324","-0.326","-0.311","-0.341","-2.99%"
"Feb 03, 2021","-0.334","-0.339","-0.328","-0.352","-4.84%"
"Feb 02, 2021","-0.351","-0.372","-0.343","-0.377","-7.87%"
"Feb 01, 2021","-0.381","-0.387","-0.364","-0.391","1.06%"
"Jan 29, 2021","-0.377","-0.380","-0.351","-0.397","-5.04%"
"Jan 28, 2021","-0.397","-0.407","-0.386","-0.415","-0.25%"
"Jan 27, 2021","-0.398","-0.382","-0.378","-0.419","1.79%"
"Jan 26, 2021","-0.391","-0.416","-0.380","-0.418","-5.33%"
"Jan 25, 2021","-0.413","-0.366","-0.364","-0.414","11.62%"
"Jan 22, 2021","-0.370","-0.355","-0.348","-0.378","1.09%"
"Jan 21, 2021","-0.366","-0.400","-0.347","-0.407","-7.81%"
"Jan 20, 2021","-0.397","-0.401","-0.385","-0.407","-0.50%"
"Jan 19, 2021","-0.399","-0.382","-0.370","-0.404","0.00%"
"Jan 18, 2021","-0.399","-0.420","-0.382","-0.425","-2.68%"
"Jan 15, 2021","-0.410","-0.429","-0.399","-0.434","-4.43%"
"Jan 14, 2021","-0.429","-0.408","-0.401","-0.436","6.72%"
"Jan 13, 2021","-0.402","-0.372","-0.366","-0.408","14.53%"
"Jan 12, 2021","-0.351","-0.375","-0.339","-0.384","-9.30%"
"Jan 11, 2021","-0.387","-0.415","-0.382","-0.424","-6.07%"
"Jan 08, 2021","-0.412","-0.402","-0.394","-0.422","2.23%"
"Jan 07, 2021","-0.403","-0.394","-0.385","-0.426","3.33%"
"Jan 06, 2021","-0.390","-0.383","-0.379","-0.410","-7.58%"
"Jan 05, 2021","-0.422","-0.453","-0.417","-0.461","-8.26%"
"Jan 04, 2021","-0.460","-0.418","-0.414","-0.477","3.95%"
"Jan 01, 2021","-0.442","-0.442","-0.442","-0.442","3.63%"
"Dec 31, 2020","-0.427","-0.424","-0.424","-0.427","-1.16%"
"Dec 30, 2020","-0.432","-0.417","-0.394","-0.442","1.65%"
"Dec 29, 2020","-0.425","-0.419","-0.407","-0.438","3.16%"
"Dec 28, 2020","-0.412","-0.409","-0.391","-0.419","0.24%"
"Dec 24, 2020","-0.411","-0.414","-0.411","-0.415","3.27%"
"Dec 23, 2020","-0.398","-0.445","-0.382","-0.457","-10.96%"
"Dec 22, 2020","-0.447","-0.445","-0.413","-0.454","4.93%"
"Dec 21, 2020","-0.426","-0.455","-0.422","-0.472","2.16%"
"Dec 18, 2020","-0.417","-0.423","-0.388","-0.430","-0.24%"
"Dec 17, 2020","-0.418","-0.406","-0.389","-0.443","1.21%"
"Dec 16, 2020","-0.413","-0.456","-0.387","-0.460","-7.81%"
"Dec 15, 2020","-0.448","-0.463","-0.439","-0.473","-4.07%"
"Dec 14, 2020","-0.467","-0.469","-0.439","-0.474","-1.48%"
"Dec 11, 2020","-0.474","-0.449","-0.444","-0.486","6.52%"
"Dec 10, 2020","-0.445","-0.452","-0.421","-0.478","-2.20%"
"Dec 09, 2020","-0.455","-0.448","-0.427","-0.457","0.00%"
"Dec 08, 2020","-0.455","-0.439","-0.422","-0.465","4.36%"
"Dec 07, 2020","-0.436","-0.402","-0.400","-0.444","12.37%"
"Dec 04, 2020","-0.388","-0.403","-0.375","-0.414","-0.51%"
"Dec 03, 2020","-0.390","-0.373","-0.357","-0.400","8.33%"
"Dec 02, 2020","-0.360","-0.361","-0.344","-0.378","-2.17%"
"Dec 01, 2020","-0.368","-0.424","-0.355","-0.427","-11.75%"
"Nov 30, 2020","-0.417","-0.433","-0.401","-0.448","-3.02%"
"Nov 27, 2020","-0.430","-0.431","-0.416","-0.442","-0.46%"
"Nov 26, 2020","-0.432","-0.404","-0.398","-0.435","3.35%"
"Nov 25, 2020","-0.418","-0.405","-0.394","-0.430","1.46%"
"Nov 24, 2020","-0.412","-0.408","-0.406","-0.432","-3.29%"
"Nov 23, 2020","-0.426","-0.435","-0.410","-0.448","-3.73%"
"Nov 21, 2020","-0.442","-0.440","-0.440","-0.442","1.03%"
"Nov 20, 2020","-0.438","-0.424","-0.409","-0.440","3.55%"
"Nov 19, 2020","-0.423","-0.410","-0.403","-0.428","4.44%"
"Nov 18, 2020","-0.405","-0.423","-0.396","-0.430","-1.70%"
"Nov 17, 2020","-0.412","-0.395","-0.384","-0.419","4.83%"
"Nov 16, 2020","-0.393","-0.405","-0.363","-0.422","-0.51%"
"Nov 13, 2020","-0.395","-0.405","-0.382","-0.414","3.67%"
"Nov 12, 2020","-0.381","-0.378","-0.350","-0.389","6.42%"
"Nov 11, 2020","-0.358","-0.325","-0.316","-0.373","7.19%"
"Nov 10, 2020","-0.334","-0.351","-0.320","-0.369","-5.38%"
"Nov 09, 2020","-0.353","-0.449","-0.338","-0.470","-19.59%"
"Nov 06, 2020","-0.439","-0.450","-0.420","-0.467","-3.52%"
"Nov 05, 2020","-0.455","-0.455","-0.430","-0.470","3.17%"
"Nov 04, 2020","-0.441","-0.474","-0.424","-0.480","4.75%"
"Nov 03, 2020","-0.421","-0.440","-0.407","-0.443","-6.03%"
"Nov 02, 2020","-0.448","-0.440","-0.412","-0.451","4.19%"
"Oct 30, 2020","-0.430","-0.440","-0.413","-0.449","-5.08%"
"Oct 29, 2020","-0.453","-0.423","-0.418","-0.457","3.90%"
"Oct 28, 2020","-0.436","-0.445","-0.411","-0.459","0.69%"
"Oct 27, 2020","-0.433","-0.413","-0.389","-0.438","8.79%"
"Oct 26, 2020","-0.398","-0.414","-0.377","-0.426","1.79%"
"Oct 23, 2020","-0.391","-0.390","-0.366","-0.408","1.03%"
"Oct 22, 2020","-0.387","-0.404","-0.375","-0.421","-4.91%"
"Oct 21, 2020","-0.407","-0.409","-0.388","-0.430","-4.24%"
"Oct 20, 2020","-0.425","-0.447","-0.407","-0.451","-4.71%"
"Oct 19, 2020","-0.446","-0.442","-0.439","-0.455","-0.67%"
"Oct 16, 2020","-0.449","-0.440","-0.433","-0.470","2.28%"
"Oct 15, 2020","-0.439","-0.428","-0.420","-0.470","7.07%"
"Oct 14, 2020","-0.410","-0.394","-0.393","-0.429","4.06%"
"Oct 13, 2020","-0.394","-0.391","-0.373","-0.404","2.60%"
"Oct 12, 2020","-0.384","-0.380","-0.362","-0.391","5.79%"
"Oct 09, 2020","-0.363","-0.362","-0.359","-0.389","0.55%"
"Oct 08, 2020","-0.361","-0.335","-0.323","-0.370","8.73%"
"Oct 07, 2020","-0.332","-0.359","-0.321","-0.371","-3.77%"
"Oct 06, 2020","-0.345","-0.343","-0.327","-0.362","1.77%"
"Oct 05, 2020","-0.339","-0.369","-0.331","-0.378","-6.87%"
"Oct 02, 2020","-0.364","-0.363","-0.348","-0.383","2.82%"
"Oct 01, 2020","-0.354","-0.345","-0.322","-0.362","2.61%"
"Sep 30, 2020","-0.345","-0.371","-0.337","-0.378","-5.74%"
"Sep 29, 2020","-0.366","-0.355","-0.349","-0.378","4.57%"
"Sep 28, 2020","-0.350","-0.346","-0.330","-0.363","-1.96%"
"Sep 25, 2020","-0.357","-0.328","-0.322","-0.363","6.25%"
"Sep 24, 2020","-0.336","-0.344","-0.329","-0.368","0.00%"
"Sep 23, 2020","-0.336","-0.345","-0.323","-0.359","-1.47%"
"Sep 22, 2020","-0.341","-0.352","-0.327","-0.366","-6.83%"
"Sep 21, 2020","-0.366","-0.323","-0.309","-0.372","15.82%"
"Sep 18, 2020","-0.316","-0.316","-0.305","-0.350","-2.17%"
"Sep 17, 2020","-0.323","-0.321","-0.292","-0.347","0.00%"
"Sep 16, 2020","-0.323","-0.317","-0.303","-0.338","2.87%"
"Sep 15, 2020","-0.314","-0.313","-0.295","-0.327","1.95%"
"Sep 14, 2020","-0.308","-0.307","-0.303","-0.340","-0.32%"
"Sep 11, 2020","-0.309","-0.287","-0.274","-0.313","22.13%"
"Sep 10, 2020","-0.253","-0.282","-0.244","-0.306","-10.60%"
"Sep 09, 2020","-0.283","-0.314","-0.277","-0.334","-10.73%"
"Sep 08, 2020","-0.317","-0.295","-0.279","-0.333","8.56%"
"Sep 07, 2020","-0.292","-0.271","-0.265","-0.316","-2.67%"
"Sep 04, 2020","-0.300","-0.311","-0.288","-0.325","-6.83%"
"Sep 03, 2020","-0.322","-0.298","-0.285","-0.331","5.23%"
"Sep 02, 2020","-0.306","-0.264","-0.245","-0.310","31.90%"
"Sep 01, 2020","-0.232","-0.234","-0.202","-0.248","4.50%"
"Aug 31, 2020","-0.222","-0.221","-0.203","-0.238","-2.20%"
"Aug 28, 2020","-0.227","-0.203","-0.192","-0.247","1.79%"
"Aug 27, 2020","-0.223","-0.253","-0.214","-0.294","0.45%"
"Aug 26, 2020","-0.222","-0.246","-0.215","-0.252","-10.48%"
"Aug 25, 2020","-0.248","-0.301","-0.232","-0.303","-19.22%"
"Aug 24, 2020","-0.307","-0.312","-0.286","-0.323","-3.15%"
"Aug 21, 2020","-0.317","-0.308","-0.297","-0.337","1.93%"
"Aug 20, 2020","-0.311","-0.289","-0.274","-0.329","8.36%"
"Aug 19, 2020","-0.287","-0.280","-0.274","-0.313","5.51%"
"Aug 18, 2020","-0.272","-0.280","-0.248","-0.289","-0.37%"
"Aug 17, 2020","-0.273","-0.240","-0.231","-0.274","15.19%"
"Aug 14, 2020","-0.237","-0.222","-0.215","-0.246","2.60%"
"Aug 13, 2020","-0.231","-0.294","-0.224","-0.300","-16.30%"
"Aug 12, 2020","-0.276","-0.278","-0.256","-0.293","-7.38%"
"Aug 11, 2020","-0.298","-0.320","-0.278","-0.341","-11.31%"
"Aug 10, 2020","-0.336","-0.302","-0.292","-0.350","7.69%"
"Aug 07, 2020","-0.312","-0.306","-0.301","-0.339","-4.29%"
"Aug 06, 2020","-0.326","-0.282","-0.276","-0.340","13.19%"
"Aug 05, 2020","-0.288","-0.323","-0.278","-0.341","-14.29%"
"Aug 04, 2020","-0.336","-0.291","-0.284","-0.345","14.68%"
"Aug 03, 2020","-0.293","-0.289","-0.277","-0.308","-5.79%"
"Jul 31, 2020","-0.311","-0.334","-0.295","-0.347","-3.12%"
"Jul 30, 2020","-0.321","-0.297","-0.290","-0.339","11.07%"
"Jul 29, 2020","-0.289","-0.308","-0.273","-0.317","-3.99%"
"Jul 28, 2020","-0.301","-0.268","-0.264","-0.314","7.50%"
"Jul 27, 2020","-0.280","-0.249","-0.235","-0.295","19.66%"
"Jul 24, 2020","-0.234","-0.279","-0.226","-0.301","-16.73%"
"Jul 23, 2020","-0.281","-0.285","-0.270","-0.296","-3.44%"
"Jul 22, 2020","-0.291","-0.258","-0.247","-0.301","12.36%"
"Jul 21, 2020","-0.259","-0.243","-0.243","-0.273","-2.26%"
"Jul 20, 2020","-0.265","-0.205","-0.201","-0.280","5.58%"
"Jul 19, 2020","-0.251","-0.251","-0.251","-0.251","3.29%"
"Jul 17, 2020","-0.243","-0.252","-0.228","-0.272","-5.81%"
"Jul 16, 2020","-0.258","-0.237","-0.219","-0.272","9.79%"
"Jul 15, 2020","-0.235","-0.226","-0.208","-0.256","0.43%"
"Jul 14, 2020","-0.234","-0.221","-0.204","-0.241","23.16%"
"Jul 13, 2020","-0.190","-0.231","-0.188","-0.251","-28.03%"
"Jul 11, 2020","-0.264","-0.264","-0.264","-0.264","1.54%"
"Jul 10, 2020","-0.260","-0.260","-0.249","-0.272","4.00%"
"Jul 09, 2020","-0.250","-0.219","-0.218","-0.259","12.61%"
"Jul 08, 2020","-0.222","-0.223","-0.213","-0.242","6.22%"
"Jul 07, 2020","-0.209","-0.223","-0.193","-0.234","-1.88%"
"Jul 06, 2020","-0.213","-0.206","-0.186","-0.227","2.40%"
"Jul 03, 2020","-0.208","-0.204","-0.195","-0.229","0.00%"
"Jul 02, 2020","-0.208","-0.142","-0.141","-0.216","35.06%"
"Jul 01, 2020","-0.154","-0.196","-0.141","-0.205","-28.04%"
"Jun 30, 2020","-0.214","-0.222","-0.211","-0.249","0.47%"
"Jun 29, 2020","-0.213","-0.219","-0.200","-0.230","-10.88%"
"Jun 27, 2020","-0.239","-0.238","-0.238","-0.239","3.02%"
"Jun 26, 2020","-0.232","-0.228","-0.211","-0.236","6.91%"
"Jun 25, 2020","-0.217","-0.199","-0.196","-0.232","5.85%"
"Jun 24, 2020","-0.205","-0.142","-0.136","-0.208","26.54%"
"Jun 23, 2020","-0.162","-0.179","-0.151","-0.197","-18.59%"
"Jun 22, 2020","-0.199","-0.164","-0.157","-0.221","7.28%"
"Jun 20, 2020","-0.185","-0.185","-0.185","-0.185","4.80%"
"Jun 19, 2020","-0.177","-0.158","-0.138","-0.184","8.59%"
"Jun 18, 2020","-0.163","-0.140","-0.129","-0.171","17.27%"
"Jun 17, 2020","-0.139","-0.127","-0.108","-0.159","-7.33%"
"Jun 16, 2020","-0.150","-0.131","-0.117","-0.160","2.74%"
"Jun 15, 2020","-0.146","-0.162","-0.138","-0.179","-8.75%"
"Jun 13, 2020","-0.160","-0.160","-0.160","-0.160","11.11%"
"Jun 12, 2020","-0.144","-0.115","-0.108","-0.154","15.20%"
"Jun 11, 2020","-0.125","-0.075","-0.072","-0.139","165.96%"
"Jun 10, 2020","-0.047","-0.036","-0.020","-0.063","30.56%"
"Jun 09, 2020","-0.036","-0.052","-0.031","-0.080","-41.94%"
"Jun 08, 2020","-0.062","-0.026","0.005","-0.065","-3,200.00%"
"Jun 05, 2020","0.002","-0.041","0.020","-0.045","-104.08%"
"Jun 04, 2020","-0.049","-0.029","-0.018","-0.077","44.12%"
"Jun 03, 2020","-0.034","-0.062","-0.026","-0.103","-62.22%"
"Jun 02, 2020","-0.090","-0.082","-0.078","-0.122","23.29%"
"Jun 01, 2020","-0.073","-0.093","-0.058","-0.113","-33.64%"
"May 29, 2020","-0.110","-0.091","-0.084","-0.130","14.58%"
"May 28, 2020","-0.096","-0.049","-0.040","-0.101","41.18%"
"May 27, 2020","-0.068","-0.057","-0.022","-0.081","11.48%"
"May 26, 2020","-0.061","-0.075","-0.035","-0.081","-44.04%"
"May 25, 2020","-0.109","-0.115","-0.094","-0.124","-2.68%"
"May 23, 2020","-0.112","-0.112","-0.112","-0.112","4.67%"
"May 22, 2020","-0.107","-0.129","-0.097","-0.145","-13.01%"
"May 21, 2020","-0.123","-0.116","-0.086","-0.128","50.00%"
"May 20, 2020","-0.082","-0.078","-0.056","-0.099","0.00%"
"May 19, 2020","-0.082","-0.054","-0.041","-0.098","36.67%"
"May 18, 2020","-0.060","-0.094","-0.045","-0.135","-43.40%"
"May 15, 2020","-0.106","-0.121","-0.093","-0.144","-9.40%"
"May 14, 2020","-0.117","-0.132","-0.094","-0.145","-2.50%"
"May 13, 2020","-0.120","-0.104","-0.083","-0.135","51.90%"
"May 12, 2020","-0.079","-0.048","-0.030","-0.095","14.49%"
"May 11, 2020","-0.069","-0.079","-0.048","-0.095","-33.01%"
"May 08, 2020","-0.103","-0.112","-0.083","-0.126","-3.74%"
"May 07, 2020","-0.107","-0.039","-0.019","-0.111","48.61%"
"May 06, 2020","-0.072","-0.102","-0.046","-0.125","-40.00%"
"May 05, 2020","-0.120","-0.104","-0.067","-0.139","4.35%"
"May 04, 2020","-0.115","-0.142","-0.099","-0.148","-33.33%"
"May 01, 2020","-0.172","-0.172","-0.172","-0.172","15.00%"
"Apr 30, 2020","-0.150","-0.095","-0.069","-0.157","123.88%"
"Apr 29, 2020","-0.067","-0.047","-0.015","-0.094","63.41%"
"Apr 28, 2020","-0.041","-0.021","0.020","-0.049","78.26%"
"Apr 27, 2020","-0.023","0.001","0.019","-0.035","475.00%"
"Apr 24, 2020","-0.004","0.026","0.056","-0.021","-107.69%"
"Apr 23, 2020","0.052","0.126","0.144","0.047","-48.00%"
"Apr 22, 2020","0.100","0.046","0.108","0.032","525.00%"
"Apr 21, 2020","0.016","0.042","0.053","-0.007","-77.14%"
"Apr 20, 2020","0.070","0.022","0.072","-0.017","-99.93%"
"Apr 17, 2020","99.998","99.852","100.128","99.681","624,887.48%"
"Apr 16, 2020","0.016","0.035","0.058","-0.006","-20.00%"
"Apr 15, 2020","0.020","0.075","0.078","0.003","-76.19%"
"Apr 14, 2020","0.084","0.132","0.136","0.050","-4.00%"
"Apr 13, 2020","0.087","0.088","0.088","0.087","-0.57%"
"Apr 10, 2020","0.088","0.088","0.088","0.088","-22.12%"
"Apr 09, 2020","0.113","0.192","0.195","0.094","-33.92%"
"Apr 08, 2020","0.171","0.122","0.193","0.120","3.01%"
"Apr 07, 2020","0.166","0.107","0.166","0.097","133.80%"
"Apr 06, 2020","0.071","0.095","0.125","0.066","-8.97%"
"Apr 03, 2020","0.078","0.080","0.084","0.043","20.00%"
"Apr 02, 2020","0.065","0.090","0.104","0.047","44.44%"
"Apr 01, 2020","0.045","-0.015","0.049","-0.041","95.65%"
"Mar 31, 2020","0.023","-0.031","0.029","-0.034","-179.31%"
"Mar 30, 2020","-0.029","-0.044","-0.021","-0.087","-34.09%"
"Mar 27, 2020","-0.044","0.045","0.045","-0.067","-157.14%"
"Mar 26, 2020","0.077","0.193","0.226","0.077","-68.83%"
"Mar 25, 2020","0.247","0.146","0.247","0.146","44.44%"
"Mar 24, 2020","0.171","0.130","0.179","0.120","62.86%"
"Mar 23, 2020","0.105","0.113","0.120","0.061","-21.64%"
"Mar 20, 2020","0.134","0.201","0.209","0.114","-36.49%"
"Mar 19, 2020","0.211","0.109","0.211","-0.003","-31.27%"
"Mar 18, 2020","0.307","0.242","0.396","0.240","64.17%"
"Mar 17, 2020","0.187","0.167","0.268","0.134","31.69%"
"Mar 16, 2020","0.142","-0.014","0.152","-0.015","-340.68%"
"Mar 13, 2020","-0.059","-0.188","-0.058","-0.223","-78.78%"
"Mar 12, 2020","-0.278","-0.388","-0.261","-0.404","-21.47%"
"Mar 11, 2020","-0.354","-0.367","-0.314","-0.382","-2.48%"
"Mar 10, 2020","-0.363","-0.396","-0.307","-0.415","-18.79%"
"Mar 09, 2020","-0.447","-0.509","-0.426","-0.532","3.11%"
"Mar 07, 2020","-0.433","-0.433","-0.433","-0.433","4.71%"
"Mar 06, 2020","-0.414","-0.455","-0.405","-0.472","-6.33%"
"Mar 05, 2020","-0.442","-0.384","-0.380","-0.448","7.80%"
"Mar 04, 2020","-0.410","-0.396","-0.380","-0.422","0.74%"
"Mar 03, 2020","-0.407","-0.356","-0.328","-0.416","10.60%"
"Mar 02, 2020","-0.368","-0.371","-0.349","-0.436","-0.27%"
"Feb 28, 2020","-0.369","-0.366","-0.356","-0.405","8.53%"
"Feb 27, 2020","-0.340","-0.316","-0.309","-0.356","11.11%"
"Feb 26, 2020","-0.306","-0.329","-0.280","-0.346","-8.38%"
"Feb 25, 2020","-0.334","-0.303","-0.291","-0.338","9.51%"
"Feb 24, 2020","-0.305","-0.293","-0.289","-0.336","15.97%"
"Feb 21, 2020","-0.263","-0.286","-0.262","-0.304","-4.71%"
"Feb 20, 2020","-0.276","-0.261","-0.250","-0.288","8.66%"
"Feb 19, 2020","-0.254","-0.242","-0.231","-0.266","3.25%"
"Feb 18, 2020","-0.246","-0.259","-0.229","-0.279","3.36%"
"Feb 17, 2020","-0.238","-0.234","-0.214","-0.255","-2.46%"
"Feb 14, 2020","-0.244","-0.218","-0.216","-0.255","10.41%"
"Feb 13, 2020","-0.221","-0.236","-0.212","-0.259","0.00%"
"Feb 12, 2020","-0.221","-0.193","-0.184","-0.230","0.45%"
"Feb 11, 2020","-0.220","-0.222","-0.207","-0.248","-9.47%"
"Feb 10, 2020","-0.243","-0.207","-0.201","-0.248","11.47%"
"Feb 07, 2020","-0.218","-0.202","-0.193","-0.232","11.79%"
"Feb 06, 2020","-0.195","-0.172","-0.159","-0.198","3.17%"
"Feb 05, 2020","-0.189","-0.229","-0.174","-0.240","-16.00%"
"Feb 04, 2020","-0.225","-0.249","-0.209","-0.257","-16.36%"
"Feb 03, 2020","-0.269","-0.249","-0.234","-0.270","2.67%"
"Jan 31, 2020","-0.262","-0.226","-0.220","-0.273","12.45%"
"Jan 30, 2020","-0.233","-0.217","-0.210","-0.240","14.78%"
"Jan 29, 2020","-0.203","-0.178","-0.176","-0.212","18.71%"
"Jan 28, 2020","-0.171","-0.196","-0.166","-0.213","-12.31%"
"Jan 27, 2020","-0.195","-0.157","-0.153","-0.211","25.00%"
"Jan 24, 2020","-0.156","-0.123","-0.104","-0.163","14.71%"
"Jan 23, 2020","-0.136","-0.085","-0.080","-0.140","67.90%"
"Jan 22, 2020","-0.081","-0.059","-0.052","-0.097","22.73%"
"Jan 21, 2020","-0.066","-0.041","-0.024","-0.079","50.00%"
"Jan 20, 2020","-0.044","-0.031","-0.025","-0.047","4.76%"
"Jan 17, 2020","-0.042","-0.036","-0.022","-0.055","-4.55%"
"Jan 16, 2020","-0.044","-0.027","-0.016","-0.052","22.22%"
"Jan 15, 2020","-0.036","-0.006","0.000","-0.051","1,100.00%"
"Jan 14, 2020","-0.003","0.007","0.020","-0.010","-120.00%"
"Jan 13, 2020","0.015","-0.025","0.023","-0.033","-155.56%"
"Jan 10, 2020","-0.027","-0.018","0.002","-0.036","145.45%"
"Jan 09, 2020","-0.011","-0.010","0.001","-0.036","-67.65%"
"Jan 08, 2020","-0.034","-0.077","-0.030","-0.085","-46.87%"
"Jan 07, 2020","-0.064","-0.066","-0.056","-0.084","-13.51%"
"Jan 06, 2020","-0.074","-0.087","-0.062","-0.100","-1.33%"
"Jan 03, 2020","-0.075","-0.046","-0.045","-0.093","294.74%"
"Jan 02, 2020","-0.019","0.029","0.057","-0.033","-173.08%"
"Dec 31, 2019","0.026","0.026","0.026","0.026","-23.53%"
"Dec 30, 2019","0.034","-0.011","0.041","-0.027","-209.68%"
"Dec 27, 2019","-0.031","-0.035","-0.021","-0.044","-6.06%"
"Dec 26, 2019","-0.033","-0.033","-0.033","-0.033","0.00%"
"Dec 25, 2019","-0.033","-0.033","-0.033","-0.033","-10.81%"
"Dec 24, 2019","-0.037","-0.036","-0.036","-0.037","76.19%"
"Dec 23, 2019","-0.021","-0.034","-0.016","-0.054","0.00%"
"Dec 20, 2019","-0.021","-0.011","0.009","-0.039","50.00%"
"Dec 19, 2019","-0.014","-0.014","0.018","-0.023","-51.72%"
"Dec 18, 2019","-0.029","-0.074","-0.009","-0.084","-60.27%"
"Dec 17, 2019","-0.073","-0.079","-0.053","-0.081","28.07%"
"Dec 16, 2019","-0.057","-0.062","-0.044","-0.092","-28.75%"
"Dec 13, 2019","-0.080","0.006","0.013","-0.082","90.48%"
"Dec 12, 2019","-0.042","-0.085","-0.025","-0.114","-55.32%"
"Dec 11, 2019","-0.094","-0.078","-0.066","-0.098","30.56%"
"Dec 10, 2019","-0.072","-0.075","-0.051","-0.081","1.41%"
"Dec 09, 2019","-0.071","-0.068","-0.061","-0.091","24.56%"
"Dec 06, 2019","-0.057","-0.064","-0.040","-0.087","-16.18%"
"Dec 05, 2019","-0.068","-0.096","-0.047","-0.102","-20.00%"
"Dec 04, 2019","-0.085","-0.136","-0.085","-0.142","-34.11%"
"Dec 03, 2019","-0.129","-0.036","-0.030","-0.131","138.89%"
"Dec 02, 2019","-0.054","-0.074","-0.036","-0.091","-56.80%"
"Nov 29, 2019","-0.125","-0.124","-0.108","-0.144","-6.02%"
"Nov 28, 2019","-0.133","-0.141","-0.117","-0.155","-5.00%"
"Nov 27, 2019","-0.140","-0.137","-0.117","-0.142","6.87%"
"Nov 26, 2019","-0.131","-0.110","-0.093","-0.142","18.02%"
"Nov 25, 2019","-0.111","-0.112","-0.096","-0.125","-9.76%"
"Nov 22, 2019","-0.123","-0.083","-0.060","-0.129","41.38%"
"Nov 21, 2019","-0.087","-0.110","-0.076","-0.120","-22.32%"
"Nov 20, 2019","-0.112","-0.115","-0.101","-0.146","17.89%"
"Nov 19, 2019","-0.095","-0.098","-0.081","-0.106","0.00%"
"Nov 18, 2019","-0.095","-0.083","-0.069","-0.115","14.46%"
"Nov 15, 2019","-0.083","-0.097","-0.078","-0.111","-27.83%"
"Nov 14, 2019","-0.115","-0.072","-0.063","-0.117","74.24%"
"Nov 13, 2019","-0.066","-0.041","-0.025","-0.076","164.00%"
"Nov 12, 2019","-0.025","-0.013","-0.001","-0.029","66.67%"
"Nov 11, 2019","-0.015","-0.050","-0.010","-0.052","-70.00%"
"Nov 09, 2019","-0.050","-0.050","-0.050","-0.050","13.64%"
"Nov 08, 2019","-0.044","-0.022","0.008","-0.051","109.52%"
"Nov 07, 2019","-0.021","-0.086","-0.012","-0.098","-79.61%"
"Nov 06, 2019","-0.103","-0.077","-0.065","-0.110","37.33%"
"Nov 05, 2019","-0.075","-0.100","-0.067","-0.101","-34.78%"
"Nov 04, 2019","-0.115","-0.120","-0.103","-0.135","-17.27%"
"Nov 01, 2019","-0.139","-0.159","-0.130","-0.180","-17.75%"
"Oct 31, 2019","-0.169","-0.146","-0.141","-0.184","45.69%"
"Oct 30, 2019","-0.116","-0.117","-0.097","-0.135","-3.33%"
"Oct 29, 2019","-0.120","-0.098","-0.092","-0.126","27.66%"
"Oct 28, 2019","-0.094","-0.129","-0.079","-0.141","-29.32%"
"Oct 25, 2019","-0.133","-0.157","-0.126","-0.166","-21.30%"
"Oct 24, 2019","-0.169","-0.155","-0.120","-0.179","6.29%"
"Oct 23, 2019","-0.159","-0.159","-0.147","-0.180","23.26%"
"Oct 22, 2019","-0.129","-0.107","-0.106","-0.149","14.16%"
"Oct 21, 2019","-0.113","-0.139","-0.101","-0.142","-23.13%"
"Oct 18, 2019","-0.147","-0.167","-0.133","-0.175","-17.88%"
"Oct 17, 2019","-0.179","-0.171","-0.104","-0.179","11.88%"
"Oct 16, 2019","-0.160","-0.161","-0.149","-0.206","-13.51%"
"Oct 15, 2019","-0.185","-0.213","-0.163","-0.236","-11.90%"
"Oct 14, 2019","-0.210","-0.222","-0.200","-0.237","10.53%"
"Oct 11, 2019","-0.190","-0.213","-0.179","-0.248","-11.63%"
"Oct 10, 2019","-0.215","-0.286","-0.215","-0.295","-25.35%"
"Oct 09, 2019","-0.288","-0.327","-0.282","-0.334","-13.51%"
"Oct 08, 2019","-0.333","-0.293","-0.289","-0.343","4.39%"
"Oct 07, 2019","-0.319","-0.333","-0.308","-0.345","-4.20%"
"Oct 05, 2019","-0.333","-0.328","-0.328","-0.333","2.15%"
"Oct 04, 2019","-0.326","-0.332","-0.316","-0.349","0.00%"
"Oct 03, 2019","-0.326","-0.312","-0.302","-0.349","10.88%"
"Oct 02, 2019","-0.294","-0.288","-0.270","-0.304","-3.61%"
"Oct 01, 2019","-0.305","-0.291","-0.251","-0.318","-4.69%"
"Sep 30, 2019","-0.320","-0.298","-0.279","-0.331","4.92%"
"Sep 27, 2019","-0.305","-0.325","-0.301","-0.342","-6.44%"
"Sep 26, 2019","-0.326","-0.319","-0.293","-0.338","7.59%"
"Sep 25, 2019","-0.303","-0.343","-0.301","-0.361","-9.28%"
"Sep 24, 2019","-0.334","-0.319","-0.301","-0.349","2.45%"
"Sep 23, 2019","-0.326","-0.268","-0.244","-0.343","27.84%"
"Sep 20, 2019","-0.255","-0.259","-0.237","-0.272","2.82%"
"Sep 19, 2019","-0.248","-0.235","-0.213","-0.256","-2.36%"
"Sep 18, 2019","-0.254","-0.219","-0.211","-0.259","14.93%"
"Sep 17, 2019","-0.221","-0.232","-0.200","-0.242","-4.33%"
"Sep 16, 2019","-0.231","-0.201","-0.192","-0.242","23.53%"
"Sep 13, 2019","-0.187","-0.234","-0.184","-0.257","-27.80%"
"Sep 12, 2019","-0.259","-0.293","-0.251","-0.388","-11.30%"
"Sep 11, 2019","-0.292","-0.272","-0.255","-0.308","4.29%"
"Sep 10, 2019","-0.280","-0.304","-0.269","-0.316","-9.97%"
"Sep 09, 2019","-0.311","-0.373","-0.290","-0.378","-14.79%"
"Sep 06, 2019","-0.365","-0.321","-0.304","-0.378","17.36%"
"Sep 05, 2019","-0.311","-0.388","-0.304","-0.404","-24.15%"
"Sep 04, 2019","-0.410","-0.408","-0.366","-0.428","-5.96%"
"Sep 03, 2019","-0.436","-0.434","-0.423","-0.480","-0.23%"
"Sep 02, 2019","-0.437","-0.436","-0.413","-0.445","0.69%"
"Aug 31, 2019","-0.434","-0.434","-0.434","-0.434","-2.03%"
"Aug 30, 2019","-0.443","-0.442","-0.416","-0.457","1.84%"
"Aug 29, 2019","-0.435","-0.452","-0.419","-0.462","-4.19%"
"Aug 28, 2019","-0.454","-0.446","-0.433","-0.475","2.25%"
"Aug 27, 2019","-0.444","-0.428","-0.405","-0.447","7.51%"
"Aug 26, 2019","-0.413","-0.420","-0.390","-0.428","-1.43%"
"Aug 23, 2019","-0.419","-0.375","-0.352","-0.424","6.62%"
"Aug 22, 2019","-0.393","-0.431","-0.361","-0.443","-6.65%"
"Aug 21, 2019","-0.421","-0.421","-0.389","-0.434","-3.66%"
"Aug 20, 2019","-0.437","-0.400","-0.391","-0.457","10.91%"
"Aug 19, 2019","-0.394","-0.410","-0.367","-0.435","-8.37%"
"Aug 16, 2019","-0.430","-0.440","-0.388","-0.472","-4.23%"
"Aug 15, 2019","-0.449","-0.404","-0.377","-0.455","13.96%"
"Aug 14, 2019","-0.394","-0.361","-0.351","-0.399","13.22%"
"Aug 13, 2019","-0.348","-0.351","-0.321","-0.360","3.57%"
"Aug 12, 2019","-0.336","-0.326","-0.317","-0.341","4.67%"
"Aug 09, 2019","-0.321","-0.349","-0.311","-0.363","-1.83%"
"Aug 08, 2019","-0.327","-0.327","-0.296","-0.350","-4.66%"
"Aug 07, 2019","-0.343","-0.317","-0.313","-0.381","11.73%"
"Aug 06, 2019","-0.307","-0.285","-0.278","-0.315","7.34%"
"Aug 05, 2019","-0.286","-0.293","-0.272","-0.307","7.12%"
"Aug 02, 2019","-0.267","-0.249","-0.242","-0.276","17.11%"
"Aug 01, 2019","-0.228","-0.204","-0.187","-0.242","4.11%"
"Jul 31, 2019","-0.219","-0.180","-0.174","-0.220","20.99%"
"Jul 30, 2019","-0.181","-0.177","-0.165","-0.190","2.26%"
"Jul 29, 2019","-0.177","-0.165","-0.157","-0.186","12.74%"
"Jul 26, 2019","-0.157","-0.161","-0.134","-0.167","6.80%"
"Jul 25, 2019","-0.147","-0.163","-0.112","-0.206","-8.12%"
"Jul 24, 2019","-0.160","-0.129","-0.124","-0.173","12.68%"
"Jul 23, 2019","-0.142","-0.129","-0.113","-0.148","14.52%"
"Jul 22, 2019","-0.124","-0.095","-0.094","-0.137","8.77%"
"Jul 20, 2019","-0.114","-0.114","-0.114","-0.114","-0.87%"
"Jul 19, 2019","-0.115","-0.111","-0.092","-0.119","17.35%"
"Jul 18, 2019","-0.098","-0.090","-0.080","-0.112","32.43%"
"Jul 17, 2019","-0.074","-0.058","-0.047","-0.087","94.74%"
"Jul 16, 2019","-0.038","-0.027","-0.022","-0.060","31.03%"
"Jul 15, 2019","-0.029","0.010","0.019","-0.040","-307.14%"
"Jul 13, 2019","0.014","0.014","0.014","0.014","55.56%"
"Jul 12, 2019","0.009","-0.003","0.030","-0.018","-190.00%"
"Jul 11, 2019","-0.010","-0.060","0.002","-0.063","-77.27%"
"Jul 10, 2019","-0.044","-0.072","-0.016","-0.075","-49.43%"
"Jul 09, 2019","-0.087","-0.111","-0.083","-0.117","-22.32%"
"Jul 08, 2019","-0.112","-0.136","-0.109","-0.142","0.00%"
"Jul 05, 2019","-0.112","-0.143","-0.086","-0.154","-24.32%"
"Jul 04, 2019","-0.148","-0.132","-0.122","-0.160","21.31%"
"Jul 03, 2019","-0.122","-0.117","-0.105","-0.132","27.08%"
"Jul 02, 2019","-0.096","-0.082","-0.064","-0.098","23.08%"
"Jul 01, 2019","-0.078","-0.037","-0.029","-0.091","44.44%"
"Jun 28, 2019","-0.054","-0.045","-0.028","-0.056","20.00%"
"Jun 27, 2019","-0.045","-0.015","0.007","-0.045","73.08%"
"Jun 26, 2019","-0.026","-0.036","-0.012","-0.049","-43.48%"
"Jun 25, 2019","-0.046","-0.021","-0.014","-0.052","142.11%"
"Jun 24, 2019","-0.019","-0.010","0.000","-0.032","1,800.00%"
"Jun 21, 2019","-0.001","-0.019","0.019","-0.032","-97.22%"
"Jun 20, 2019","-0.036","-0.023","-0.011","-0.039","800.00%"
"Jun 19, 2019","-0.004","-0.027","0.012","-0.039","-88.57%"
"Jun 18, 2019","-0.035","0.044","0.050","-0.050","-170.00%"
"Jun 17, 2019","0.050","0.037","0.064","0.029","35.14%"
"Jun 14, 2019","0.037","0.034","0.047","0.016","-19.57%"
"Jun 13, 2019","0.046","0.041","0.059","0.035","-11.54%"
"Jun 12, 2019","0.052","0.052","0.068","0.037","-14.75%"
"Jun 11, 2019","0.061","0.075","0.082","0.055","-21.79%"
"Jun 10, 2019","0.078","0.051","0.089","0.045","143.75%"
"Jun 07, 2019","0.032","0.074","0.084","0.025","-58.44%"
"Jun 06, 2019","0.077","0.090","0.120","0.066","-23.76%"
"Jun 05, 2019","0.101","0.095","0.123","0.085","-15.13%"
"Jun 04, 2019","0.119","0.107","0.122","0.095","-0.83%"
"Jun 03, 2019","0.120","0.121","0.132","0.104","-3.23%"
"May 31, 2019","0.124","0.129","0.141","0.112","-20.51%"
"May 30, 2019","0.156","0.159","0.177","0.141","7.59%"
"May 29, 2019","0.145","0.160","0.169","0.141","-14.71%"
"May 28, 2019","0.170","0.176","0.185","0.155","-3.95%"
"May 27, 2019","0.177","0.200","0.204","0.168","-9.23%"
"May 25, 2019","0.195","0.204","0.204","0.195","-1.52%"
"May 24, 2019","0.198","0.205","0.214","0.190","-1.49%"
"May 23, 2019","0.201","0.228","0.232","0.194","-11.84%"
"May 22, 2019","0.228","0.243","0.262","0.226","-10.24%"
"May 21, 2019","0.254","0.231","0.264","0.224","11.40%"
"May 20, 2019","0.228","0.217","0.243","0.207","9.09%"
"May 17, 2019","0.209","0.212","0.229","0.184","-5.43%"
"May 16, 2019","0.221","0.213","0.232","0.198","-3.49%"
"May 15, 2019","0.229","0.242","0.252","0.190","-9.49%"
"May 14, 2019","0.253","0.253","0.271","0.236","3.69%"
"May 13, 2019","0.244","0.274","0.283","0.243","-11.27%"
"May 11, 2019","0.275","0.275","0.275","0.275","1.48%"
"May 10, 2019","0.271","0.275","0.295","0.263","0.00%"
"May 09, 2019","0.271","0.256","0.277","0.241","5.04%"
"May 08, 2019","0.258","0.264","0.275","0.237","-2.64%"
"May 07, 2019","0.265","0.305","0.312","0.251","-10.17%"
"May 06, 2019","0.295","0.290","0.309","0.280","-7.23%"
"May 04, 2019","0.318","0.318","0.318","0.318","1.60%"
"May 03, 2019","0.313","0.324","0.342","0.297","-3.69%"
"May 02, 2019","0.325","0.322","0.339","0.297","0.31%"
"May 01, 2019","0.324","0.310","0.324","0.310","5.54%"
"Apr 30, 2019","0.307","0.297","0.351","0.294","0.33%"
"Apr 29, 2019","0.306","0.292","0.320","0.288","7.75%"
"Apr 26, 2019","0.284","0.292","0.299","0.273","-3.07%"
"Apr 25, 2019","0.293","0.280","0.298","0.269","7.33%"
"Apr 24, 2019","0.273","0.317","0.326","0.267","-17.77%"
"Apr 23, 2019","0.332","0.320","0.347","0.315","7.10%"
"Apr 22, 2019","0.310","0.313","0.313","0.310","0.00%"
"Apr 19, 2019","0.310","0.313","0.313","0.310","-0.32%"
"Apr 18, 2019","0.311","0.363","0.373","0.299","-15.95%"
"Apr 17, 2019","0.370","0.368","0.393","0.355","6.32%"
"Apr 16, 2019","0.348","0.354","0.367","0.324","0.00%"
"Apr 15, 2019","0.348","0.346","0.374","0.331","2.35%"
"Apr 12, 2019","0.340","0.280","0.352","0.260","22.74%"
"Apr 11, 2019","0.277","0.275","0.291","0.262","4.53%"
"Apr 10, 2019","0.265","0.286","0.301","0.254","-7.67%"
"Apr 09, 2019","0.287","0.301","0.317","0.279","-5.28%"
"Apr 08, 2019","0.303","0.306","0.316","0.291","-4.42%"
"Apr 05, 2019","0.317","0.328","0.335","0.299","4.28%"
"Apr 04, 2019","0.304","0.319","0.331","0.300","-5.00%"
"Apr 03, 2019","0.320","0.303","0.338","0.301","16.79%"
"Apr 02, 2019","0.274","0.280","0.296","0.265","-5.52%"
"Apr 01, 2019","0.290","0.260","0.301","0.257","22.88%"
"Mar 29, 2019","0.236","0.237","0.260","0.227","1.29%"
"Mar 28, 2019","0.233","0.215","0.244","0.206","4.95%"
"Mar 27, 2019","0.222","0.258","0.268","0.205","-20.14%"
"Mar 26, 2019","0.278","0.280","0.294","0.260","6.92%"
"Mar 25, 2019","0.260","0.275","0.298","0.257","-1.52%"
"Mar 22, 2019","0.264","0.344","0.352","0.255","-21.89%"
"Mar 21, 2019","0.338","0.377","0.385","0.332","-13.55%"
"Mar 20, 2019","0.391","0.411","0.419","0.382","-4.63%"
"Mar 19, 2019","0.410","0.385","0.437","0.377","5.13%"
"Mar 18, 2019","0.390","0.402","0.412","0.380","-2.50%"
"Mar 15, 2019","0.400","0.394","0.417","0.374","-0.99%"
"Mar 14, 2019","0.404","0.393","0.417","0.381","4.66%"
"Mar 13, 2019","0.386","0.375","0.400","0.375","1.58%"
"Mar 12, 2019","0.380","0.400","0.416","0.375","-1.04%"
"Mar 11, 2019","0.384","0.384","0.399","0.372","-1.54%"
"Mar 08, 2019","0.390","0.389","0.401","0.377","-3.47%"
"Mar 07, 2019","0.404","0.465","0.484","0.393","-14.04%"
"Mar 06, 2019","0.470","0.487","0.514","0.464","-9.09%"
"Mar 05, 2019","0.517","0.522","0.542","0.505","2.58%"
"Mar 04, 2019","0.504","0.535","0.542","0.502","-5.62%"
"Mar 01, 2019","0.534","0.540","0.561","0.524","-1.11%"
"Feb 28, 2019","0.540","0.502","0.547","0.494","6.72%"
"Feb 27, 2019","0.506","0.469","0.526","0.460","6.08%"
"Feb 26, 2019","0.477","0.456","0.488","0.453","0.00%"
"Feb 25, 2019","0.477","0.466","0.488","0.460","3.25%"
"Feb 22, 2019","0.462","0.473","0.475","0.448","-3.75%"
"Feb 21, 2019","0.480","0.462","0.503","0.456","5.03%"
"Feb 20, 2019","0.457","0.461","0.476","0.444","-2.14%"
"Feb 19, 2019","0.467","0.470","0.481","0.441","0.00%"
"Feb 18, 2019","0.467","0.462","0.481","0.454","1.08%"
"Feb 15, 2019","0.462","0.466","0.479","0.448","-0.86%"
"Feb 14, 2019","0.466","0.485","0.489","0.442","-3.72%"
"Feb 13, 2019","0.484","0.495","0.506","0.476","-1.22%"
"Feb 12, 2019","0.490","0.494","0.512","0.478","-0.20%"
"Feb 11, 2019","0.491","0.462","0.491","0.460","52.48%"
"Feb 08, 2019","0.322","0.345","0.353","0.309","-7.74%"
"Feb 07, 2019","0.349","0.384","0.398","0.334","-10.74%"
"Feb 06, 2019","0.391","0.385","0.403","0.379","-1.51%"
"Feb 05, 2019","0.397","0.394","0.430","0.388","-0.50%"
"Feb 04, 2019","0.399","0.384","0.411","0.379","3.91%"
"Feb 01, 2019","0.384","0.376","0.394","0.363","1.59%"
"Jan 31, 2019","0.378","0.385","0.409","0.367","-8.92%"
"Jan 30, 2019","0.415","0.411","0.427","0.405","0.24%"
"Jan 29, 2019","0.414","0.417","0.440","0.410","-2.36%"
"Jan 28, 2019","0.424","0.422","0.447","0.408","2.42%"
"Jan 26, 2019","0.414","0.414","0.414","0.414","1.47%"
"Jan 25, 2019","0.408","0.404","0.424","0.393","3.82%"
"Jan 24, 2019","0.393","0.436","0.440","0.391","-10.07%"
"Jan 23, 2019","0.437","0.433","0.467","0.429","-2.02%"
"Jan 22, 2019","0.446","0.442","0.474","0.437","-3.46%"
"Jan 21, 2019","0.462","0.464","0.479","0.451","-3.14%"
"Jan 18, 2019","0.477","0.463","0.494","0.448","4.61%"
"Jan 17, 2019","0.456","0.435","0.467","0.419","3.64%"
"Jan 16, 2019","0.440","0.447","0.459","0.426","4.27%"
"Jan 15, 2019","0.422","0.449","0.462","0.416","-6.84%"
"Jan 14, 2019","0.453","0.466","0.468","0.426","-3.82%"
"Jan 11, 2019","0.471","0.480","0.481","0.441","-1.88%"
"Jan 10, 2019","0.480","0.480","0.496","0.465","-2.44%"
"Jan 09, 2019","0.492","0.516","0.530","0.480","-1.40%"
"Jan 08, 2019","0.499","0.501","0.525","0.498","2.67%"
"Jan 07, 2019","0.486","0.474","0.500","0.457","3.40%"
"Jan 04, 2019","0.470","0.433","0.494","0.428","11.37%"
"Jan 03, 2019","0.422","0.425","0.457","0.412","-0.71%"
"Jan 02, 2019","0.425","0.491","0.491","0.399","-13.44%"
"Jan 01, 2019","0.491","0.491","0.491","0.491","-1.41%"
"Dec 31, 2018","0.498","0.498","0.498","0.498","-0.99%"
"Dec 28, 2018","0.503","0.504","0.510","0.477","5.45%"
"Dec 27, 2018","0.477","0.504","0.506","0.477","-5.17%"
"Dec 26, 2018","0.503","0.503","0.503","0.503","0.00%"
"Dec 25, 2018","0.503","0.503","0.503","0.503","0.00%"
"Dec 24, 2018","0.503","0.503","0.503","0.503","-2.71%"
"Dec 21, 2018","0.517","0.516","0.519","0.489","4.44%"
"Dec 20, 2018","0.495","0.477","0.508","0.460","-0.60%"
"Dec 19, 2018","0.498","0.501","0.520","0.490","-1.58%"
"Dec 18, 2018","0.506","0.506","0.522","0.489","-1.17%"
"Dec 17, 2018","0.512","0.516","0.537","0.503","-2.10%"
"Dec 14, 2018","0.523","0.526","0.542","0.505","-4.91%"
"Dec 13, 2018","0.550","0.556","0.581","0.519","0.92%"
"Dec 12, 2018","0.545","0.524","0.553","0.506","6.65%"
"Dec 11, 2018","0.511","0.535","0.561","0.504","-1.35%"
"Dec 10, 2018","0.518","0.517","0.545","0.511","-1.71%"
"Dec 07, 2018","0.527","0.510","0.542","0.498","6.68%"
"Dec 06, 2018","0.494","0.521","0.538","0.487","-8.35%"
"Dec 05, 2018","0.539","0.521","0.544","0.500","3.26%"
"Dec 04, 2018","0.522","0.546","0.558","0.517","-7.28%"
"Dec 03, 2018","0.563","0.598","0.601","0.553","0.18%"
"Dec 01, 2018","0.562","0.562","0.562","0.562","0.18%"
"Nov 30, 2018","0.561","0.570","0.582","0.552","-1.58%"
"Nov 29, 2018","0.570","0.587","0.600","0.563","-5.47%"
"Nov 28, 2018","0.603","0.598","0.616","0.582","0.00%"
"Nov 27, 2018","0.603","0.595","0.616","0.578","-0.50%"
"Nov 26, 2018","0.606","0.609","0.631","0.603","1.68%"
"Nov 23, 2018","0.596","0.626","0.641","0.586","-4.94%"
"Nov 22, 2018","0.627","0.623","0.640","0.606","-0.95%"
"Nov 21, 2018","0.633","0.621","0.636","0.613","4.63%"
"Nov 20, 2018","0.605","0.612","0.622","0.590","-2.10%"
"Nov 19, 2018","0.618","0.619","0.638","0.608","1.15%"
"Nov 16, 2018","0.611","0.603","0.616","0.593","1.66%"
"Nov 15, 2018","0.601","0.638","0.647","0.582","-4.45%"
"Nov 14, 2018","0.629","0.618","0.654","0.605","-0.94%"
"Nov 13, 2018","0.635","0.614","0.638","0.602","3.42%"
"Nov 12, 2018","0.614","0.630","0.630","0.595","-1.44%"
"Nov 11, 2018","0.623","0.623","0.623","0.623","0.65%"
"Nov 09, 2018","0.619","0.656","0.660","0.619","-7.47%"
"Nov 08, 2018","0.669","0.674","0.685","0.654","0.90%"
"Nov 07, 2018","0.663","0.637","0.675","0.629","2.00%"
"Nov 06, 2018","0.650","0.639","0.651","0.615","3.50%"
"Nov 05, 2018","0.628","0.635","0.650","0.619","-1.57%"
"Nov 02, 2018","0.638","0.635","0.650","0.623","5.63%"
"Nov 01, 2018","0.604","0.618","0.641","0.603","0.00%"
"Oct 31, 2018","0.604","0.613","0.627","0.592","2.20%"
"Oct 30, 2018","0.591","0.611","0.628","0.584","-2.64%"
"Oct 29, 2018","0.607","0.607","0.627","0.580","0.00%"
"Oct 26, 2018","0.607","0.621","0.635","0.585","-5.30%"
"Oct 25, 2018","0.641","0.624","0.663","0.621","0.31%"
"Oct 24, 2018","0.639","0.664","0.670","0.623","-2.29%"
"Oct 23, 2018","0.654","0.676","0.686","0.640","-4.80%"
"Oct 22, 2018","0.687","0.712","0.725","0.672","-0.43%"
"Oct 20, 2018","0.690","0.690","0.690","0.690","1.77%"
"Oct 19, 2018","0.678","0.650","0.693","0.624","5.77%"
"Oct 18, 2018","0.641","0.689","0.702","0.641","-6.01%"
"Oct 17, 2018","0.682","0.698","0.701","0.665","-2.85%"
"Oct 16, 2018","0.702","0.724","0.732","0.694","-1.68%"
"Oct 15, 2018","0.714","0.701","0.724","0.692","-0.14%"
"Oct 12, 2018","0.715","0.747","0.760","0.704","-1.11%"
"Oct 11, 2018","0.723","0.711","0.748","0.708","-5.61%"
"Oct 10, 2018","0.766","0.748","0.793","0.740","1.19%"
"Oct 09, 2018","0.757","0.764","0.784","0.743","1.07%"
"Oct 08, 2018","0.749","0.775","0.787","0.731","-2.98%"
"Oct 05, 2018","0.772","0.747","0.787","0.743","3.21%"
"Oct 04, 2018","0.748","0.766","0.766","0.718","6.55%"
"Oct 03, 2018","0.702","0.695","0.707","0.653","7.67%"
"Oct 02, 2018","0.652","0.670","0.703","0.636","-4.68%"
"Oct 01, 2018","0.684","0.694","0.746","0.678","-8.31%"
"Sep 29, 2018","0.746","0.746","0.746","0.746","8.12%"
"Sep 28, 2018","0.690","0.719","0.743","0.659","-7.01%"
"Sep 27, 2018","0.742","0.695","0.762","0.679","0.54%"
"Sep 26, 2018","0.738","0.736","0.770","0.724","-0.27%"
"Sep 25, 2018","0.740","0.724","0.780","0.718","3.50%"
"Sep 24, 2018","0.715","0.660","0.744","0.650","4.84%"
"Sep 22, 2018","0.682","0.682","0.682","0.682","3.02%"
"Sep 21, 2018","0.662","0.691","0.705","0.651","-1.63%"
"Sep 20, 2018","0.673","0.682","0.723","0.668","-4.40%"
"Sep 19, 2018","0.704","0.680","0.720","0.661","0.72%"
"Sep 18, 2018","0.699","0.659","0.703","0.633","8.37%"
"Sep 17, 2018","0.645","0.637","0.691","0.632","7.86%"
"Sep 16, 2018","0.598","0.556","0.625","0.556","-3.86%"
"Sep 15, 2018","0.622","0.622","0.622","0.622","-3.57%"
"Sep 14, 2018","0.645","0.638","0.677","0.615","0.31%"
"Sep 13, 2018","0.643","0.628","0.661","0.598","6.11%"
"Sep 12, 2018","0.606","0.637","0.639","0.593","-5.31%"
"Sep 11, 2018","0.640","0.627","0.654","0.595","3.39%"
"Sep 10, 2018","0.619","0.614","0.646","0.570","6.72%"
"Sep 08, 2018","0.580","0.580","0.580","0.580","-6.45%"
"Sep 07, 2018","0.620","0.588","0.624","0.557","11.31%"
"Sep 06, 2018","0.557","0.623","0.626","0.548","-9.58%"
"Sep 05, 2018","0.616","0.566","0.648","0.559","1.48%"
"Sep 04, 2018","0.607","0.594","0.613","0.551","3.06%"
"Sep 03, 2018","0.589","0.566","0.597","0.540","-2.16%"
"Sep 01, 2018","0.602","0.602","0.602","0.602","9.06%"
"Aug 31, 2018","0.552","0.573","0.611","0.552","-3.33%"
"Aug 30, 2018","0.571","0.632","0.657","0.566","-8.05%"
"Aug 29, 2018","0.621","0.592","0.658","0.590","-0.80%"
"Aug 28, 2018","0.626","0.586","0.640","0.573","6.10%"
"Aug 27, 2018","0.590","0.546","0.623","0.535","0.34%"
"Aug 25, 2018","0.588","0.588","0.588","0.588","5.38%"
"Aug 24, 2018","0.558","0.556","0.603","0.551","0.54%"
"Aug 23, 2018","0.555","0.588","0.597","0.551","-0.54%"
"Aug 22, 2018","0.558","0.566","0.605","0.534","2.57%"
"Aug 21, 2018","0.544","0.546","0.582","0.520","4.82%"
"Aug 20, 2018","0.519","0.528","0.573","0.516","-8.63%"
"Aug 18, 2018","0.568","0.568","0.568","0.568","6.77%"
"Aug 17, 2018","0.532","0.534","0.566","0.504","-2.21%"
"Aug 16, 2018","0.544","0.547","0.570","0.517","-1.81%"
"Aug 15, 2018","0.554","0.556","0.577","0.519","-2.81%"
"Aug 14, 2018","0.570","0.561","0.578","0.540","4.40%"
"Aug 13, 2018","0.546","0.554","0.573","0.522","-10.05%"
"Aug 11, 2018","0.607","0.607","0.607","0.607","13.67%"
"Aug 10, 2018","0.534","0.563","0.585","0.533","-10.40%"
"Aug 09, 2018","0.596","0.595","0.620","0.577","-3.56%"
"Aug 08, 2018","0.618","0.627","0.636","0.595","1.48%"
"Aug 07, 2018","0.609","0.614","0.635","0.586","3.92%"
"Aug 06, 2018","0.586","0.601","0.644","0.584","-14.08%"
"Aug 04, 2018","0.682","0.608","0.682","0.608","12.54%"
"Aug 03, 2018","0.606","0.657","0.671","0.602","-10.88%"
"Aug 02, 2018","0.680","0.645","0.700","0.623","4.78%"
"Aug 01, 2018","0.649","0.647","0.713","0.621","3.67%"
"Jul 31, 2018","0.626","0.605","0.674","0.582","-6.29%"
"Jul 30, 2018","0.668","0.603","0.679","0.579","10.23%"
"Jul 28, 2018","0.606","0.606","0.606","0.606","-1.46%"
"Jul 27, 2018","0.615","0.593","0.634","0.581","0.99%"
"Jul 26, 2018","0.609","0.627","0.638","0.577","1.84%"
"Jul 25, 2018","0.598","0.579","0.617","0.570","1.36%"
"Jul 24, 2018","0.590","0.607","0.645","0.578","-5.90%"
"Jul 23, 2018","0.627","0.585","0.631","0.575","15.47%"
"Jul 21, 2018","0.543","0.543","0.543","0.543","-8.28%"
"Jul 20, 2018","0.592","0.520","0.600","0.507","10.04%"
"Jul 19, 2018","0.538","0.540","0.573","0.518","-3.76%"
"Jul 18, 2018","0.559","0.543","0.571","0.511","0.18%"
"Jul 17, 2018","0.558","0.576","0.580","0.533","-3.29%"
"Jul 16, 2018","0.577","0.529","0.589","0.526","2.49%"
"Jul 14, 2018","0.563","0.563","0.563","0.563","7.03%"
"Jul 13, 2018","0.526","0.571","0.573","0.511","-7.72%"
"Jul 12, 2018","0.570","0.585","0.590","0.537","-1.21%"
"Jul 11, 2018","0.577","0.545","0.587","0.536","3.04%"
"Jul 10, 2018","0.560","0.571","0.613","0.549","-2.27%"
"Jul 09, 2018","0.573","0.554","0.610","0.549","4.56%"
"Jul 06, 2018","0.548","0.605","0.606","0.539","-7.90%"
"Jul 05, 2018","0.595","0.611","0.636","0.560","4.39%"
"Jul 04, 2018","0.570","0.564","0.606","0.554","1.42%"
"Jul 03, 2018","0.562","0.641","0.652","0.557","-11.22%"
"Jul 02, 2018","0.633","0.623","0.637","0.558","8.58%"
"Jun 29, 2018","0.583","0.671","0.678","0.576","-4.27%"
"Jun 28, 2018","0.609","0.643","0.667","0.598","-3.94%"
"Jun 27, 2018","0.634","0.649","0.679","0.616","-5.09%"
"Jun 26, 2018","0.668","0.631","0.680","0.622","9.51%"
"Jun 25, 2018","0.610","0.625","0.659","0.595","-5.28%"
"Jun 22, 2018","0.644","0.624","0.783","0.616","4.89%"
"Jun 21, 2018","0.614","0.645","0.677","0.582","-3.31%"
"Jun 20, 2018","0.635","0.633","0.680","0.618","-3.64%"
"Jun 19, 2018","0.659","0.661","0.675","0.611","-0.45%"
"Jun 18, 2018","0.662","0.698","0.708","0.643","-0.90%"
"Jun 17, 2018","0.668","0.668","0.668","0.668","-0.30%"
"Jun 16, 2018","0.670","0.668","0.670","0.668","0.75%"
"Jun 15, 2018","0.665","0.634","0.749","0.601","-5.94%"
"Jun 14, 2018","0.707","0.810","0.837","0.697","-8.18%"
"Jun 13, 2018","0.770","0.838","0.841","0.762","-4.35%"
"Jun 12, 2018","0.805","0.847","0.871","0.796","-6.29%"
"Jun 11, 2018","0.859","0.825","0.863","0.776","9.57%"
"Jun 08, 2018","0.784","0.783","0.812","0.737","-3.69%"
"Jun 07, 2018","0.814","0.799","0.842","0.774","5.71%"
"Jun 06, 2018","0.770","0.660","0.787","0.658","9.37%"
"Jun 05, 2018","0.704","0.748","0.748","0.653","-4.61%"
"Jun 04, 2018","0.738","0.718","0.746","0.673","4.09%"
"Jun 01, 2018","0.709","0.733","0.772","0.664","7.10%"
"May 31, 2018","0.662","0.713","0.755","0.643","-2.07%"
"May 30, 2018","0.676","0.652","0.743","0.623","-3.15%"
"May 29, 2018","0.698","0.656","0.718","0.557","8.55%"
"May 28, 2018","0.643","0.743","0.767","0.642","-6.95%"
"May 25, 2018","0.691","0.772","0.776","0.674","-6.24%"
"May 24, 2018","0.737","0.785","0.830","0.729","-6.83%"
"May 23, 2018","0.791","0.806","0.806","0.736","1.41%"
"May 22, 2018","0.780","0.758","0.825","0.752","3.17%"
"May 21, 2018","0.756","0.795","0.813","0.753","-4.42%"
"May 20, 2018","0.791","0.791","0.791","0.791","-1.25%"
"May 18, 2018","0.801","0.864","0.868","0.798","-4.53%"
"May 17, 2018","0.839","0.837","0.878","0.801","2.44%"
"May 16, 2018","0.819","0.861","0.867","0.794","-2.15%"
"May 15, 2018","0.837","0.838","0.878","0.817","-0.12%"
"May 14, 2018","0.838","0.793","0.845","0.753","9.40%"
"May 11, 2018","0.766","0.782","0.805","0.747","0.66%"
"May 10, 2018","0.761","0.763","0.790","0.738","-0.52%"
"May 09, 2018","0.765","0.788","0.814","0.761","0.26%"
"May 08, 2018","0.763","0.753","0.786","0.723","2.01%"
"May 07, 2018","0.748","0.766","0.767","0.713","1.36%"
"May 04, 2018","0.738","0.760","0.769","0.715","1.23%"
"May 03, 2018","0.729","0.798","0.812","0.724","-5.32%"
"May 02, 2018","0.770","0.784","0.808","0.755","3.08%"
"May 01, 2018","0.747","0.769","0.769","0.746","-4.72%"
"Apr 30, 2018","0.784","0.787","0.805","0.755","0.26%"
"Apr 27, 2018","0.782","0.797","0.801","0.751","-3.22%"
"Apr 26, 2018","0.808","0.780","0.850","0.769","-2.30%"
"Apr 25, 2018","0.827","0.844","0.876","0.814","-3.16%"
"Apr 24, 2018","0.854","0.839","0.874","0.797","4.66%"
"Apr 23, 2018","0.816","0.838","0.855","0.804","-1.81%"
"Apr 20, 2018","0.831","0.809","0.832","0.748","5.73%"
"Apr 19, 2018","0.786","0.752","0.820","0.731","9.02%"
"Apr 18, 2018","0.721","0.737","0.748","0.688","-1.64%"
"Apr 17, 2018","0.733","0.760","0.769","0.705","1.66%"
"Apr 16, 2018","0.721","0.748","0.784","0.717","1.12%"
"Apr 14, 2018","0.713","0.744","0.744","0.713","-2.86%"
"Apr 13, 2018","0.734","0.734","0.762","0.710","2.95%"
"Apr 12, 2018","0.713","0.733","0.739","0.695","-2.19%"
"Apr 11, 2018","0.729","0.739","0.739","0.686","-1.88%"
"Apr 10, 2018","0.743","0.701","0.753","0.680","0.81%"
"Apr 09, 2018","0.737","0.699","0.740","0.692","5.44%"
"Apr 06, 2018","0.699","0.752","0.757","0.698","-3.45%"
"Apr 05, 2018","0.724","0.743","0.770","0.716","2.40%"
"Apr 04, 2018","0.707","0.739","0.748","0.695","-4.97%"
"Apr 03, 2018","0.744","0.712","0.749","0.686","6.29%"
"Apr 02, 2018","0.700","0.699","0.700","0.699","0.00%"
"Mar 30, 2018","0.700","0.723","0.723","0.699","-4.11%"
"Mar 29, 2018","0.730","0.731","0.737","0.695","0.83%"
"Mar 28, 2018","0.724","0.737","0.790","0.673","-1.23%"
"Mar 27, 2018","0.733","0.766","0.768","0.704","-3.30%"
"Mar 26, 2018","0.758","0.758","0.779","0.729","4.26%"
"Mar 24, 2018","0.727","0.754","0.754","0.727","-4.47%"
"Mar 23, 2018","0.761","0.749","0.775","0.715","2.56%"
"Mar 22, 2018","0.742","0.806","0.807","0.714","-6.08%"
"Mar 21, 2018","0.790","0.813","0.831","0.776","-1.37%"
"Mar 20, 2018","0.801","0.812","0.823","0.776","-0.50%"
"Mar 19, 2018","0.805","0.808","0.845","0.768","3.34%"
"Mar 16, 2018","0.779","0.782","0.855","0.766","-2.87%"
"Mar 15, 2018","0.802","0.822","0.826","0.774","-1.60%"
"Mar 14, 2018","0.815","0.837","0.860","0.790","-1.33%"
"Mar 13, 2018","0.826","0.860","0.868","0.811","-3.84%"
"Mar 12, 2018","0.859","0.882","0.885","0.825","1.18%"
"Mar 09, 2018","0.849","0.910","0.933","0.827","-0.59%"
"Mar 08, 2018","0.854","0.940","0.973","0.832","-0.35%"
"Mar 07, 2018","0.857","0.877","0.939","0.848","-3.05%"
"Mar 06, 2018","0.884","0.884","0.982","0.854","4.25%"
"Mar 05, 2018","0.848","0.894","0.894","0.816","-4.18%"
"Mar 02, 2018","0.885","0.851","0.887","0.828","0.11%"
"Mar 01, 2018","0.884","0.899","0.899","0.844","-2.32%"
"Feb 28, 2018","0.905","0.923","0.932","0.878","14.85%"
"Feb 27, 2018","0.788","0.791","0.808","0.770","1.29%"
"Feb 26, 2018","0.778","0.773","0.802","0.758","0.39%"
"Feb 23, 2018","0.775","0.836","0.848","0.771","-6.17%"
"Feb 22, 2018","0.826","0.868","0.877","0.818","-1.67%"
"Feb 21, 2018","0.840","0.848","0.858","0.810","0.36%"
"Feb 20, 2018","0.837","0.854","0.877","0.825","0.12%"
"Feb 19, 2018","0.836","0.813","0.856","0.813","3.59%"
"Feb 18, 2018","0.807","0.807","0.807","0.807","-0.86%"
"Feb 16, 2018","0.814","0.860","0.887","0.808","-4.80%"
"Feb 15, 2018","0.855","0.883","0.904","0.855","0.00%"
"Feb 14, 2018","0.855","0.842","0.881","0.820","2.27%"
"Feb 13, 2018","0.836","0.833","0.853","0.805","-0.83%"
"Feb 12, 2018","0.843","0.848","0.880","0.824","2.68%"
"Feb 09, 2018","0.821","0.835","0.867","0.804","-6.28%"
"Feb 08, 2018","0.876","0.848","0.898","0.823","8.01%"
"Feb 07, 2018","0.811","0.810","0.842","0.783","1.37%"
"Feb 06, 2018","0.800","0.775","0.826","0.760","-4.31%"
"Feb 05, 2018","0.836","0.876","0.885","0.813","-1.88%"
"Feb 02, 2018","0.852","0.847","0.877","0.829","4.67%"
"Feb 01, 2018","0.814","0.824","0.854","0.799","1.75%"
"Jan 31, 2018","0.800","0.794","0.813","0.764","2.17%"
"Jan 30, 2018","0.783","0.803","0.816","0.774","-2.73%"
"Jan 29, 2018","0.805","0.759","0.823","0.747","9.38%"
"Jan 26, 2018","0.736","0.703","0.753","0.698","0.68%"
"Jan 25, 2018","0.731","0.681","0.760","0.672","4.28%"
"Jan 24, 2018","0.701","0.666","0.718","0.663","4.94%"
"Jan 23, 2018","0.668","0.659","0.675","0.630","-0.45%"
"Jan 22, 2018","0.671","0.673","0.691","0.648","2.76%"
"Jan 20, 2018","0.653","0.653","0.653","0.653","-1.95%"
"Jan 19, 2018","0.666","0.678","0.700","0.643","-1.33%"
"Jan 18, 2018","0.675","0.672","0.698","0.661","3.05%"
"Jan 17, 2018","0.655","0.652","0.672","0.641","1.55%"
"Jan 16, 2018","0.645","0.677","0.687","0.637","-4.02%"
"Jan 15, 2018","0.672","0.661","0.686","0.646","-1.75%"
"Jan 12, 2018","0.684","0.682","0.707","0.654","-1.01%"
"Jan 11, 2018","0.691","0.614","0.691","0.591","10.56%"
"Jan 10, 2018","0.625","0.638","0.645","0.609","4.52%"
"Jan 09, 2018","0.598","0.593","0.615","0.556","2.93%"
"Jan 08, 2018","0.581","0.597","0.620","0.566","-2.35%"
"Jan 05, 2018","0.595","0.590","0.610","0.579","-0.83%"
"Jan 04, 2018","0.600","0.602","0.626","0.588","0.84%"
"Jan 03, 2018","0.595","0.620","0.626","0.568","-1.33%"
"Jan 02, 2018","0.603","0.585","0.620","0.568","3.61%"
"Dec 29, 2017","0.582","0.583","0.601","0.561","2.65%"
"Dec 28, 2017","0.567","0.541","0.586","0.533","7.18%"
"Dec 27, 2017","0.529","0.577","0.583","0.529","-6.87%"
"Dec 26, 2017","0.568","0.568","0.568","0.568","-1.56%"
"Dec 25, 2017","0.577","0.568","0.584","0.568","-0.69%"
"Dec 22, 2017","0.581","0.600","0.604","0.563","-2.68%"
"Dec 21, 2017","0.597","0.591","0.605","0.517","0.84%"
"Dec 20, 2017","0.592","0.552","0.595","0.497","10.86%"
"Dec 19, 2017","0.534","0.484","0.543","0.380","15.33%"
"Dec 18, 2017","0.463","0.456","0.486","0.450","1.09%"
"Dec 16, 2017","0.458","0.458","0.458","0.458","-1.08%"
"Dec 15, 2017","0.463","0.476","0.478","0.442","-6.65%"
"Dec 14, 2017","0.496","0.479","0.505","0.457","5.53%"
"Dec 13, 2017","0.470","0.447","0.497","0.434","1.08%"
"Dec 12, 2017","0.465","0.445","0.477","0.433","5.92%"
"Dec 11, 2017","0.439","0.451","0.453","0.425","0.92%"
"Dec 08, 2017","0.435","0.426","0.467","0.426","-0.91%"
"Dec 07, 2017","0.439","0.431","0.462","0.425","0.69%"
"Dec 06, 2017","0.436","0.452","0.462","0.421","-4.18%"
"Dec 05, 2017","0.455","0.481","0.493","0.453","-5.01%"
"Dec 04, 2017","0.479","0.446","0.492","0.446","7.16%"
"Dec 02, 2017","0.447","0.463","0.463","0.447","-8.21%"
"Dec 01, 2017","0.487","0.516","0.531","0.465","-4.88%"
"Nov 30, 2017","0.512","0.531","0.563","0.507","-3.40%"
"Nov 29, 2017","0.530","0.495","0.553","0.488","7.94%"
"Nov 28, 2017","0.491","0.498","0.507","0.477","-3.54%"
"Nov 27, 2017","0.509","0.516","0.527","0.482","-0.20%"
"Nov 25, 2017","0.510","0.510","0.510","0.510","-1.16%"
"Nov 24, 2017","0.516","0.510","0.533","0.490","4.24%"
"Nov 23, 2017","0.495","0.508","0.516","0.488","-1.00%"
"Nov 22, 2017","0.500","0.481","0.537","0.470","1.63%"
"Nov 21, 2017","0.492","0.510","0.512","0.475","-2.57%"
"Nov 20, 2017","0.505","0.496","0.515","0.487","1.00%"
"Nov 18, 2017","0.500","0.500","0.500","0.500","-1.38%"
"Nov 17, 2017","0.507","0.510","0.539","0.498","-3.43%"
"Nov 16, 2017","0.525","0.526","0.547","0.504","1.16%"
"Nov 15, 2017","0.519","0.527","0.538","0.491","-3.89%"
"Nov 14, 2017","0.540","0.561","0.585","0.528","-3.23%"
"Nov 13, 2017","0.558","0.560","0.576","0.528","-0.18%"
"Nov 11, 2017","0.559","0.559","0.559","0.559","1.82%"
"Nov 10, 2017","0.549","0.538","0.569","0.538","2.23%"
"Nov 09, 2017","0.537","0.485","0.550","0.477","14.26%"
"Nov 08, 2017","0.470","0.477","0.495","0.456","-2.69%"
"Nov 07, 2017","0.483","0.502","0.525","0.481","-4.17%"
"Nov 06, 2017","0.504","0.528","0.540","0.495","-5.44%"
"Nov 04, 2017","0.533","0.533","0.533","0.533","0.00%"
"Nov 03, 2017","0.533","0.537","0.552","0.521","-1.48%"
"Nov 02, 2017","0.541","0.545","0.577","0.533","0.56%"
"Nov 01, 2017","0.538","0.544","0.567","0.530","-1.10%"
"Oct 31, 2017","0.544","0.536","0.567","0.483","-0.37%"
"Oct 30, 2017","0.546","0.558","0.581","0.539","-2.50%"
"Oct 29, 2017","0.560","0.560","0.560","0.560","0.00%"
"Oct 28, 2017","0.560","0.560","0.560","0.560","-1.41%"
"Oct 27, 2017","0.568","0.596","0.621","0.564","-6.73%"
"Oct 26, 2017","0.609","0.653","0.669","0.585","-6.88%"
"Oct 25, 2017","0.654","0.650","0.683","0.634","-0.30%"
"Oct 24, 2017","0.656","0.609","0.665","0.598","8.61%"
"Oct 23, 2017","0.604","0.629","0.633","0.601","-4.28%"
"Oct 22, 2017","0.631","0.627","0.631","0.627","0.64%"
"Oct 21, 2017","0.627","0.631","0.631","0.627","1.13%"
"Oct 20, 2017","0.620","0.589","0.641","0.579","8.96%"
"Oct 19, 2017","0.569","0.579","0.597","0.550","-0.87%"
"Oct 18, 2017","0.574","0.545","0.590","0.538","5.90%"
"Oct 17, 2017","0.542","0.559","0.579","0.537","-2.87%"
"Oct 16, 2017","0.558","0.594","0.611","0.557","-5.74%"
"Oct 14, 2017","0.592","0.592","0.592","0.592","-1.00%"
"Oct 13, 2017","0.598","0.636","0.638","0.586","-5.83%"
"Oct 12, 2017","0.635","0.653","0.662","0.628","-2.76%"
"Oct 11, 2017","0.653","0.645","0.664","0.630","3.16%"
"Oct 10, 2017","0.633","0.639","0.655","0.614","-1.09%"
"Oct 09, 2017","0.640","0.650","0.650","0.619","0.63%"
"Oct 07, 2017","0.636","0.636","0.636","0.636","-3.05%"
"Oct 06, 2017","0.656","0.639","0.685","0.625","2.34%"
"Oct 05, 2017","0.641","0.626","0.652","0.603","3.72%"
"Oct 04, 2017","0.618","0.632","0.641","0.592","-1.90%"
"Oct 03, 2017","0.630","0.648","0.666","0.614","2.61%"
"Oct 02, 2017","0.614","0.675","0.675","0.608","-2.54%"
"Oct 01, 2017","0.630","0.630","0.630","0.630","0.00%"